amount,old_balance_orig,new_balance_orig,old_balance_dest,new_balance_dest,account_age_days,velocity_1h,fanout_24h,is_transfer,campaign_signature,is_fraud
-0.3189,-0.8168,-1.6188,0.6109,-0.6993,-1.6232,-0.1299,-0.5164,1,1.5,1
0.5987,0.5402,-0.4389,-1.3386,1.4799,0.266,1.0167,1.4103,1,0.0,0
0.74,-1.8425,-0.1552,0.4189,0.3356,0.3577,-0.2913,1.6989,0,0.0,0
-0.4996,-0.5197,0.0719,1.1226,-0.474,0.4928,0.6015,-1.0841,0,0.0,0
0.5131,-0.5004,-1.0551,1.8164,1.447,-0.1966,1.3839,1.3594,0,0.0,0
1.514,-0.0978,-1.3783,0.041,0.2767,0.4857,1.0026,-0.9473,0,0.0,0
1.8181,-0.5386,0.2561,0.2387,0.0303,-0.6939,-0.8706,0.9987,1,0.0,1
-0.0493,0.1849,-0.9936,-1.3485,-0.878,-1.322,-0.5596,-0.6743,1,1.5,1
-1.0076,-0.4645,-0.8398,0.7843,-1.1481,-0.4844,-0.0296,-0.9787,0,0.0,0
1.934,0.4186,0.9015,-1.023,0.1823,-0.6517,2.4791,2.272,1,0.0,1
-0.5111,-1.0388,1.335,-1.2484,0.7349,1.3944,-0.1669,0.689,0,0.0,0
-0.2898,-1.6586,-1.0903,-2.6509,0.7775,-1.4579,0.138,-0.4401,1,1.5,1
1.748,1.594,-0.1034,-0.2415,-1.2609,-0.6945,0.4254,0.3957,0,0.0,0
-0.3694,0.0464,0.6545,0.1283,-1.5266,0.6374,0.9384,0.8666,0,0.0,0
0.1098,2.242,0.3614,-0.8161,0.7346,-1.1817,1.1283,1.206,1,0.0,0
-0.7293,0.0228,-1.655,-0.3518,0.8408,1.5706,-0.222,-0.3131,1,0.0,0
-0.0054,0.7936,0.2697,1.2956,0.1848,-2.5123,-1.3964,-0.8689,1,1.5,1
1.7244,0.1379,-0.8402,-0.3927,-1.4602,0.0427,1.9403,0.7576,1,0.0,1
-0.3397,0.0638,0.1368,-0.2357,-0.1325,-1.1819,-0.8524,-0.7858,1,1.5,1
-0.597,0.8645,0.0723,-0.0412,2.1604,-2.1613,-0.6858,-1.8048,0,0.0,0
-1.2899,-0.3766,0.1267,0.4176,-0.0271,-2.0308,-0.7817,-0.7012,1,1.5,1
-2.2902,-1.6027,0.2718,-0.0481,-0.2492,0.2847,0.6011,-2.1025,0,0.0,0
0.8397,-1.6438,-2.11,0.2593,0.0444,-0.2458,0.0385,-0.8605,0,0.0,0
-1.7021,-1.0157,-1.6282,-0.8393,0.5103,0.3525,-0.6455,0.2182,1,0.0,0
-0.5351,-1.593,0.4872,-0.4582,0.422,-1.0733,-0.3594,1.0389,1,0.0,0
0.9425,-0.1473,-2.5325,0.3772,-1.4922,-1.2964,-0.635,1.2726,0,0.0,0
-0.7368,0.5638,1.3093,-0.2117,-0.8877,-1.0396,-0.3333,-0.2094,1,1.5,1
-0.0326,-1.0963,1.1783,0.8482,1.3335,-1.67,-0.2787,0.2235,1,1.5,1
-0.2961,-0.3193,0.277,0.1882,1.4295,-0.2282,-1.033,-0.0456,0,0.0,0
0.7217,0.894,1.267,0.3287,-0.6004,-0.5376,0.5097,0.5809,1,0.0,0
-0.6007,1.2283,0.9599,0.0627,0.6099,0.5646,-0.2756,0.8951,1,0.0,0
-0.777,0.1044,0.3387,0.3844,1.0902,-1.6746,-0.1549,-0.9931,1,1.5,1
-0.5201,1.4903,-1.9519,-0.6701,-0.5292,0.6635,0.6063,1.3952,1,0.0,0
2.1158,-0.1769,0.6996,0.0546,-0.464,1.3269,1.2702,0.2375,1,0.0,1
-0.3416,-2.3095,1.2169,0.2533,1.1114,1.9798,0.0226,-1.8024,0,0.0,0
-0.7963,1.0305,0.7442,-0.0774,0.1418,-1.3808,-0.6539,-0.638,1,1.5,1
0.6915,-2.8164,0.0399,-1.455,1.0667,2.4891,-0.5185,0.0746,0,0.0,0
0.6784,1.8728,0.8758,-1.656,0.3962,-0.5227,2.5715,1.5759,1,0.0,1
0.8923,0.3615,0.2927,0.6534,0.4986,-0.8552,-0.3258,2.3398,1,0.0,0
-0.9174,0.1292,0.047,0.7042,0.0842,-2.7011,-0.8864,0.1755,1,1.5,1
-1.1993,0.0745,0.5767,-0.1888,0.6829,-0.0665,0.6672,1.4385,0,0.0,0
-0.0357,0.799,-1.9048,0.3081,-0.9918,-1.2919,-0.0542,-0.4463,0,0.0,0
-0.5042,0.2923,-0.2053,0.2145,0.2967,-0.2988,-0.0402,0.2066,1,0.0,0
1.3066,-0.8781,1.049,0.7159,-0.0666,0.4483,0.7874,1.7382,0,0.0,0
-0.9117,-0.8541,0.2047,-0.7023,0.6755,0.2601,-0.923,0.0729,1,0.0,0
1.1992,0.0798,2.3492,-0.7157,0.2593,-1.9163,-1.2531,1.3285,1,0.0,0
-0.8366,0.2813,0.0624,-0.285,-0.2225,-2.1257,0.358,-0.516,1,1.5,1
-0.5153,-0.5405,0.5439,0.1406,-0.215,0.7968,0.15,0.4959,0,0.0,0
-0.3191,-1.1817,-1.1179,0.0887,-0.2081,-1.6518,-0.5381,0.5189,1,0.0,0
1.5386,0.6589,0.5059,0.3761,1.0479,0.505,0.7454,-1.1689,0,0.0,0
-0.3673,-1.3605,0.0045,-0.1084,-0.0973,-0.4796,-0.3101,-0.4559,0,0.0,0
-1.4188,-0.0536,0.4314,0.284,1.0764,-1.2011,-1.5079,0.2391,1,0.0,0
1.5892,-0.9318,0.8969,-1.2867,0.6876,-0.1078,-2.6552,-0.0061,0,0.0,0
0.075,-1.0127,0.3075,1.1836,0.0749,-2.757,-0.6855,-0.2517,1,1.5,1
0.1093,0.8376,-1.2491,0.1163,-0.1591,-1.1097,0.2156,0.0349,1,0.0,0
-0.5256,-0.8398,1.349,0.4416,0.871,-2.3519,-0.6728,0.0167,1,1.5,1
-0.018,1.2894,-0.1605,0.6133,0.1,-0.3729,3.1503,0.0712,1,0.0,0
-0.0709,0.4551,0.653,-0.0779,1.0273,-2.2595,0.6338,-1.0341,0,0.0,0
0.1765,0.0142,-0.9777,0.5681,-2.0419,-0.4329,-0.4039,-0.2733,0,0.0,0
0.7123,0.8683,0.4016,1.3657,-1.0078,-1.4836,-0.7817,-0.8183,1,1.5,1
1.7062,0.7053,0.9744,-0.846,0.8349,0.4311,-0.5193,2.3008,1,0.0,0
-0.7724,-0.0561,0.7312,0.5841,1.0709,0.397,-0.3094,0.3622,0,0.0,0
-0.7592,-0.2175,0.2655,-1.1542,0.1172,1.7977,0.9339,0.6322,0,0.0,0
2.1589,-0.3715,2.079,0.5358,0.0761,0.476,0.635,1.1797,0,0.0,0
0.634,-0.565,-0.434,-0.124,0.1427,-0.1716,0.686,2.9254,1,0.0,1
0.6377,-0.1941,0.4339,0.6825,-0.3413,-1.6905,0.3679,-0.7414,1,0.0,0
-0.3612,-0.3915,0.8809,-1.1866,-0.0902,-1.8595,-0.4063,-0.7275,1,0.0,0
0.577,1.5244,-0.3136,-0.6016,0.1914,-0.002,-0.9936,0.4609,1,0.0,0
-0.1251,-1.6041,0.7187,0.9164,-0.3273,0.883,1.365,0.1706,1,0.0,0
0.1394,0.3547,0.6171,-0.6127,-1.0587,0.0524,-0.9472,-0.0615,0,0.0,0
1.5199,0.046,0.5558,0.6024,-1.2756,1.0811,0.452,1.5993,1,0.0,1
0.1824,-2.5856,-0.7561,0.2205,1.554,0.2873,0.2577,-1.4127,1,0.0,0
-1.0815,-1.8064,-0.0592,1.1057,-1.5244,-1.088,-0.7433,-1.1295,0,0.0,0
2.543,-0.353,0.6134,2.224,0.4445,1.0722,2.7511,2.1547,1,0.0,1
0.1169,0.4515,-0.8291,-1.6462,-1.4367,0.6654,-0.7584,-0.1413,1,0.0,0
-0.1765,-1.7724,0.1128,0.6465,-0.1477,0.4614,-0.9374,-1.4537,1,0.0,0
0.7414,1.3978,0.2064,0.7625,-0.4077,-0.3714,-0.663,0.9747,1,0.0,0
-0.5847,1.9898,-1.094,0.606,-1.1996,-1.3411,0.1597,0.6776,0,0.0,0
-1.5174,-0.3133,1.9511,0.0516,0.4679,-0.1467,-1.1744,-0.0327,1,0.0,0
-1.1795,0.4054,0.1329,-0.4452,0.1338,-2.505,-0.3673,-1.0741,1,1.5,1
0.9311,1.1921,-0.4271,0.4063,0.7141,-0.6446,0.355,-0.0319,1,0.0,0
-0.0566,1.7465,1.1773,0.1417,0.0963,-1.9174,-0.3888,-0.7342,1,1.5,1
-0.3906,2.0949,1.7595,0.59,0.6594,-2.8723,-0.9214,-0.657,1,1.5,1
0.7436,-0.3665,-0.0913,0.5612,0.4214,-1.7211,0.7593,2.9882,1,0.0,0
0.0867,-0.0845,0.0533,-1.132,1.135,-2.2278,-0.8414,-0.7004,1,1.5,1
0.7005,-1.5956,-1.0372,-0.3781,2.5323,0.9557,-0.1115,0.712,0,0.0,0
-0.3247,-0.9866,-1.0064,0.692,0.7412,-0.88,-1.3877,1.1788,0,0.0,0
0.3416,1.2449,1.0697,-1.5827,-0.9753,-1.6137,1.0712,0.6103,0,0.0,0
1.297,-0.4699,0.6007,-0.7808,0.7319,-1.0338,0.6167,1.4992,1,0.0,1
1.2431,-0.0873,-0.4681,0.9356,0.6787,0.1685,0.3762,2.0281,1,0.0,1
-1.1516,-0.551,1.2595,0.6911,0.0016,-2.0023,-1.3474,-0.1679,1,1.5,1
-1.3348,0.407,0.3918,-0.24,-1.1717,-1.4417,-0.3279,-1.4561,0,0.0,0
-0.8253,0.8084,-0.3181,1.8558,1.7004,-1.9542,-0.9689,0.6643,0,0.0,0
-0.8061,-1.549,-0.395,0.9751,0.6449,-1.0092,-0.5613,-1.3403,1,1.5,1
-0.1961,-0.0516,0.1776,0.3286,-0.422,-2.5294,-0.7253,-0.7168,1,1.5,1
-0.3489,-0.6845,-0.3859,-0.7464,0.529,1.516,-1.9307,-0.116,0,0.0,0
-0.8355,0.5796,-0.8671,0.9233,0.3881,0.9708,-0.1451,-1.4563,0,0.0,0
-0.9518,-0.1464,-1.0396,0.6967,0.0993,-0.1615,0.3702,-0.2465,0,0.0,0
0.0282,0.2063,1.2838,-1.4538,0.2449,-2.2711,-0.6449,-1.4517,1,1.5,1
-1.1517,0.6524,-0.4373,-0.3286,1.1323,-1.9616,-1.4484,-0.2688,1,1.5,1
0.6002,0.1095,-1.9678,-1.1154,0.164,0.6566,-1.0293,-0.6185,0,0.0,0
-0.7561,-0.3941,-0.2863,-0.7565,1.3649,-0.5183,0.1607,-1.3162,1,0.0,0
0.3569,0.1054,-0.9305,-0.0293,0.6953,-1.3442,-0.4576,-1.9012,0,0.0,0
-0.0566,1.4031,-1.0736,-0.6327,0.5367,-1.5335,2.3679,2.3839,1,0.0,1
1.1224,0.4601,0.154,0.0417,0.5203,1.0154,0.9455,0.3759,1,0.0,0
-0.0887,-1.7144,0.9392,-0.9936,-0.248,-0.4222,-0.5562,-1.0315,0,0.0,0
1.3517,0.3107,0.3079,-0.5197,1.0827,0.515,2.3629,1.0208,1,0.0,1
0.67,-1.4405,2.283,1.1954,-0.215,-1.1632,0.38,-1.8701,1,0.0,0
-0.2813,-0.0897,-0.7183,0.0921,-0.6412,0.5517,-0.7245,-0.0385,1,0.0,0
-0.7658,0.1921,0.1751,0.0358,-0.5566,-3.6611,0.0928,-1.8962,1,0.0,0
-0.9771,0.8534,-0.5182,1.4983,-0.7798,0.3865,-0.2273,-0.754,0,0.0,0
0.765,-3.0863,-0.8903,-0.7759,-0.2303,0.1791,0.9214,0.6177,1,0.0,0
-0.9185,1.5472,-0.4194,-0.0814,-0.3456,-0.1885,-0.6571,0.6891,0,0.0,0
-0.783,0.3561,0.3398,2.0252,-1.3928,0.8879,-0.0895,-0.014,1,0.0,0
1.2525,-0.0266,-2.0751,1.3379,0.1079,-1.1711,-0.1982,-0.8838,1,0.0,0
3.0594,0.2531,0.512,-0.5797,2.5903,0.3245,1.6367,2.8765,1,0.0,1
-0.5632,-0.1656,0.6559,0.1895,2.0578,0.2138,1.4474,0.2767,1,0.0,0
1.0565,0.0238,-0.7294,0.05,-0.3479,0.5542,1.4055,0.9483,1,0.0,1
0.4907,0.4409,-1.1275,0.5418,-1.4979,1.4886,0.1352,-1.1637,0,0.0,0
-2.1881,-0.3378,0.2192,-0.3743,-0.8082,-0.0611,-0.005,-0.0821,0,0.0,0
-0.0196,-0.1554,-0.7135,0.3978,-0.932,-2.7919,0.1267,-1.419,1,1.5,1
-0.9433,0.7465,1.7064,0.8515,-0.3494,1.465,-1.5141,1.4994,1,0.0,0
1.2098,0.5449,-1.0455,0.7829,0.7628,2.0674,0.909,2.1622,1,0.0,1
-0.5271,-1.1344,-0.034,0.8629,-1.0557,1.0134,0.6612,-0.8894,1,0.0,0
1.9967,-0.7187,-0.3369,-0.1229,-0.3259,-1.2206,0.1167,0.3862,1,0.0,0
-0.4891,-0.677,0.1602,-0.7178,1.1421,-0.7816,-2.2725,-0.731,0,0.0,0
-0.9613,-1.3904,-0.3548,1.3911,-2.8196,0.5266,-1.0758,1.0404,0,0.0,0
-0.8732,2.0137,-1.8427,0.272,0.4599,0.1666,-0.9462,-0.1772,1,0.0,0
0.3437,-0.1401,-0.0773,-0.3968,-0.7011,-1.5019,0.2238,0.5728,1,0.0,1
2.2175,-1.3484,0.9054,1.7011,-0.4848,0.9313,1.9656,2.1643,1,0.0,1
2.7675,1.634,0.5596,0.1594,1.7264,1.3978,0.6332,1.3066,1,0.0,1
-0.0618,-1.0445,-0.3482,-0.5142,-0.4874,0.7536,0.6523,-0.5774,1,0.0,0
-0.0614,0.36,0.8504,0.8502,-0.4786,-1.7018,-0.7425,0.3471,1,0.0,0
-0.5009,-0.1176,0.4457,0.2044,-0.6639,-1.0415,-0.7133,-0.0335,1,1.5,1
-1.9387,-0.2405,0.2366,-0.4868,-2.2824,0.0102,-1.3272,0.6344,0,0.0,0
-0.7474,1.4599,0.6854,-1.4297,-1.7113,0.7949,-0.1034,-0.6467,0,0.0,0
0.6451,-0.0276,-0.7637,1.3315,-1.113,-0.0377,0.8576,0.1779,1,0.0,1
-0.5828,1.5712,-1.5394,-0.1928,-1.4166,-2.0479,-1.6842,-1.3054,1,1.5,1
0.4174,-0.888,-0.6912,-0.6316,-0.1463,0.1498,0.463,-1.4509,0,0.0,0
-0.5826,-1.8691,0.6991,0.7259,-1.336,-1.9326,-0.1582,-0.6415,1,1.5,1
2.1828,0.7606,-0.0769,-0.0168,1.8702,-0.2923,1.0554,-0.0575,1,0.0,1
2.5029,0.7958,0.4901,-0.2448,0.3908,-0.5376,1.1899,0.6391,1,0.0,1
1.3846,-0.5058,-0.1965,0.7494,0.6018,-0.6796,1.4081,1.6175,1,0.0,1
0.598,1.3433,-0.3837,-0.2957,-1.1265,2.5369,-0.1755,1.5875,1,0.0,0
0.2523,1.2673,0.4252,1.1256,0.0454,1.0429,0.4149,2.2197,0,0.0,0
-0.2136,0.9444,-0.2746,0.1162,-0.8308,-2.1034,0.0392,-0.1102,1,1.5,1
0.0769,-2.2152,-0.4524,-0.6498,0.5396,0.8758,-0.8545,1.6089,0,0.0,0
-0.1894,0.0011,0.4231,-1.5288,0.9407,1.3225,-1.1487,-1.3553,1,0.0,0
-0.0941,1.0125,-1.0933,-1.5186,0.1672,-1.6496,-1.024,-0.6515,1,1.5,1
0.8132,-0.337,0.0441,-0.8254,1.7474,0.6499,-1.1032,0.0041,0,0.0,0
3.0763,0.2333,1.4511,-0.6008,0.4893,1.5265,2.5048,1.047,1,0.0,1
-0.9393,1.0595,1.1396,0.0004,0.2452,-3.0028,-0.5739,1.788,1,0.0,0
-0.0324,-1.4974,-0.8609,-1.4581,-1.1971,1.3053,0.2267,-1.5202,0,0.0,0
0.3264,0.4135,0.1546,1.3596,0.5524,-0.6958,0.4858,0.7293,1,0.0,0
-0.6696,0.9263,-0.2937,-1.2214,-0.7116,-2.6751,-0.2364,-1.3741,1,1.5,1
-0.6504,2.2041,-1.0041,0.3134,1.1824,-2.2707,1.0015,-0.0647,0,0.0,0
0.5612,1.7591,-0.4934,-0.4222,0.2887,-1.7385,-0.8464,-0.9959,1,1.5,1
-0.9717,-1.6435,0.5057,-0.0614,0.4065,-0.9893,-0.6581,-0.999,0,0.0,0
3.1455,1.1882,0.6196,-1.1971,1.2908,1.1887,2.3391,2.3044,1,0.0,1
-1.188,0.0877,-0.1862,0.5594,0.1592,0.6597,-0.4216,0.049,1,0.0,0
-1.0054,-1.2593,-0.3292,1.201,0.191,1.4596,-0.1315,-0.3101,0,0.0,0
1.4675,1.5899,1.5545,-0.0212,-1.2025,-0.1773,-2.2028,-1.702,0,0.0,0
1.0419,0.566,-0.0342,0.1312,0.7608,-0.3022,0.3961,0.14,1,0.0,0
0.6684,-0.3399,1.0521,-0.0054,0.5834,-1.2909,0.3467,-1.6882,0,0.0,0
0.4548,-0.5393,-0.1429,-1.1083,-1.2161,1.3355,-0.5071,0.2917,0,0.0,0
0.4236,0.9952,0.0092,2.0749,-0.0764,3.1934,1.0017,0.4967,0,0.0,0
-0.1985,1.1239,-0.0435,-0.3756,-0.4519,1.4734,1.4345,-2.1378,1,0.0,0
-0.6027,-1.8676,1.4363,0.5933,-1.1756,-0.0605,0.9498,0.4951,0,0.0,0
0.2083,0.2978,0.3084,-0.5463,-1.0308,0.4911,0.4167,-0.22,0,0.0,0
0.0443,-0.6078,-1.5524,-1.1705,-0.4805,-0.2196,0.3562,0.5518,1,0.0,0
-0.8601,-1.1079,-1.2365,0.1536,-0.3358,-2.3105,-1.7356,0.3437,1,1.5,1
1.0598,-0.5028,-1.6142,-0.6645,-0.7341,1.5335,2.4468,0.2046,1,0.0,1
-0.3805,-1.5772,0.502,0.9266,2.096,1.7236,0.6952,-0.2377,0,0.0,0
0.9889,-1.9793,-1.7325,0.5624,-0.4815,0.3836,1.1394,-0.3721,0,0.0,0
2.0733,-0.3423,-0.5444,-1.7592,0.2434,0.8534,-0.2604,1.1806,0,0.0,0
-0.3267,-0.5602,0.008,-0.3753,-0.2999,-1.3786,-0.8068,1.6541,0,0.0,0
0.3115,-1.8017,0.1666,-0.8774,0.1042,1.3655,-1.7078,0.1907,1,0.0,0
0.2084,0.5069,-0.6609,0.2672,0.5709,-1.3122,-1.5121,-0.3093,1,1.5,1
-0.3349,0.4987,-0.8901,-0.3617,-1.0244,1.1318,-0.0271,-0.7393,0,0.0,0
-0.8658,-0.6849,0.0415,2.7093,-2.1184,-0.0361,-0.2568,0.927,0,0.0,0
-0.4843,0.7259,0.1757,1.1865,-2.1971,2.0102,-0.2395,-1.2516,0,0.0,0
0.2046,-0.9286,0.3134,0.2316,-1.3845,1.7239,1.0833,0.8483,0,0.0,0
2.5779,1.2752,-2.1969,0.9968,1.2149,1.4332,-0.7169,0.8256,1,0.0,1
0.1495,0.8776,0.1527,0.4173,0.6929,-2.0321,1.4784,2.2783,0,0.0,0
-0.6597,-0.2087,-1.0006,-1.4191,-1.3615,0.4539,0.0597,1.0259,1,0.0,0
-0.6372,0.0952,0.9203,-0.8289,-1.1214,1.144,-0.9303,1.0772,0,0.0,0
-0.1131,-0.3989,1.0801,-0.0369,-0.5126,-0.7405,0.555,0.8764,1,0.0,1
-1.3452,-1.1427,-0.3752,-0.6549,0.6939,-0.3174,1.7399,1.5204,0,0.0,0
-2.2025,-1.2262,1.0139,-0.1543,-1.7082,0.493,0.7077,-0.2459,1,0.0,0
-0.8247,0.631,1.061,-0.766,-1.124,-1.7865,-0.4375,-0.2005,1,1.5,1
0.779,0.131,-1.5368,1.2491,1.4417,-0.0658,-0.2739,-0.1599,0,0.0,0
0.5426,2.4817,-0.3025,0.3367,0.3774,-2.5665,0.1239,-0.7065,0,0.0,0
-0.0401,-0.3498,1.1568,0.4576,-0.5114,0.4974,1.5143,1.9967,1,0.0,1
-0.7532,-1.29,-0.14,-0.1472,1.0605,-2.6276,0.2027,-0.5025,1,1.5,1
-0.6706,0.5132,-0.7049,0.9544,1.1296,0.9119,0.5165,0.6338,0,0.0,0
-0.5301,1.3336,0.0471,-1.1725,-0.9407,1.1306,0.1576,0.048,1,0.0,0
0.9675,0.0009,0.0501,-0.1157,-0.5947,1.9859,0.0074,-1.1629,1,0.0,0
-0.1,1.0283,2.6553,0.8429,-0.0347,-0.172,-0.8567,-0.9067,1,0.0,0
0.2386,0.4359,0.134,-0.1641,-0.8073,-0.8026,0.3977,0.0929,1,0.0,0
-0.4913,-0.6898,-0.1434,1.8363,-1.1555,1.6372,-1.0084,-0.2338,1,0.0,0
0.0638,-1.2251,0.0761,1.3588,-1.5471,0.8594,0.1194,-0.6415,1,0.0,0
0.8413,0.2813,-0.1521,-0.876,0.4225,-0.4638,1.0453,1.2243,0,0.0,0
1.0179,0.5699,1.5113,0.9518,0.1798,-1.8446,2.5015,2.4936,1,0.0,1
-0.7041,-1.726,1.172,1.1084,0.8217,1.1565,-0.8675,-0.1685,1,0.0,0
-0.838,1.7445,0.4748,0.1468,1.8875,-3.2082,-1.2729,-0.1438,1,1.5,1
0.6032,-0.0473,-1.0858,-0.1021,0.052,0.9585,-0.9063,-0.0393,0,0.0,0
1.847,-0.7946,0.2287,-0.028,1.0596,-0.8255,2.3402,1.9114,1,0.0,1
0.423,0.9972,-1.5281,-1.7336,-0.8252,-1.9064,-0.2479,-0.6782,1,1.5,1
-0.2993,-0.6631,-0.5234,-2.5942,-0.8633,0.9508,0.2088,-0.8745,1,0.0,0
0.2028,1.0062,0.0189,-0.0625,-1.0474,0.9912,-1.072,0.5123,1,0.0,0
0.1141,-0.013,0.4863,-1.2512,0.8577,-0.5407,2.0036,1.689,1,0.0,1
0.0623,-0.061,-0.1447,-1.564,-0.806,-2.3078,-0.0531,0.3168,1,1.5,1
-1.3078,-1.2659,-0.4901,-1.8526,-1.3475,-1.6351,0.1823,0.408,1,0.0,0
-1.5063,-0.9773,1.3858,0.8206,-0.4017,-0.8702,-1.8938,-0.3937,1,0.0,0
-0.6931,0.6877,-1.6503,2.5981,-2.5884,1.4366,1.5573,0.9164,1,0.0,0
0.2133,0.5359,0.9733,0.3155,2.1693,-0.5012,0.1456,0.8235,1,0.0,0
-1.7255,0.7422,-0.9423,-0.4931,0.1973,-2.9463,-0.4156,-0.8366,1,1.5,1
-0.4348,-0.8517,2.9283,-1.0417,-0.9888,-1.5445,0.0523,-1.5623,1,1.5,1
-1.8649,0.3076,0.4253,0.1067,-1.2136,0.8885,-1.4647,-0.4643,1,0.0,0
-0.5072,-0.0852,-1.239,0.5325,1.1035,-1.5058,-0.5374,-0.1918,1,1.5,1
1.4967,-0.1135,-0.4556,0.687,-1.2071,-0.3426,0.7025,2.0083,1,0.0,1
1.3382,1.2193,-0.5032,-1.3023,0.0273,-0.988,1.8068,0.3472,1,0.0,1
-0.1644,-0.109,1.9307,1.2976,-0.0449,1.2089,-0.7797,-0.3369,0,0.0,0
-0.1457,-0.1741,0.8251,-1.3665,0.2094,-0.5306,-0.3688,-1.7415,1,0.0,0
-0.0431,2.2097,2.7062,-1.2852,-0.0447,-0.9586,-0.1549,-0.5453,1,0.0,0
-1.1749,0.0336,0.8835,1.4771,-0.1945,-2.246,0.2997,-0.7405,1,1.5,1
2.1086,-0.4833,-0.8088,0.6233,0.5345,-0.7167,0.9046,2.1278,1,0.0,1
-2.3503,0.8444,-0.3682,-0.2371,1.5673,-0.2634,1.162,-0.005,0,0.0,0
0.3373,1.4073,-1.454,-0.2085,-0.6321,-1.761,0.7349,-0.0234,0,0.0,0
0.2585,-0.907,0.187,0.8399,-0.0576,0.773,-1.5898,1.107,1,0.0,0
-0.0182,-0.1004,-0.5488,1.6307,1.066,-0.0951,-1.3966,-0.7903,1,0.0,0
0.1644,-0.2601,-0.4284,-0.6914,0.7156,-0.0524,0.1232,-0.9715,1,0.0,0
-1.4293,0.1133,0.5608,-1.2998,-0.5424,0.0222,-0.2178,-0.687,0,0.0,0
-0.0353,-0.3977,-0.5434,0.6906,-1.0527,0.4455,-0.6062,0.4303,1,0.0,0
0.2123,0.9287,1.1489,0.6004,1.2361,1.4892,-1.2156,-0.4664,0,0.0,0
-0.6721,0.1123,-1.256,-0.8672,-0.3656,0.3418,-0.1653,-0.8892,0,0.0,0
-1.1766,-0.0664,-0.2151,1.1343,-0.6291,1.0592,0.2571,-0.0046,0,0.0,0
2.0399,2.3092,-1.4625,0.3018,2.509,0.7839,0.2211,-0.2081,0,0.0,0
2.3304,0.2897,2.22,2.0862,-1.1549,-0.5859,0.1868,0.3285,1,0.0,1
0.2278,-2.4866,-0.6335,-0.2547,0.8602,-0.5083,2.9204,2.8863,1,0.0,1
0.3623,0.5885,-0.9587,-0.748,-0.5768,0.2706,0.0903,0.1478,1,0.0,0
-0.7439,0.727,-0.0686,0.0154,-1.6795,-0.0874,-1.4763,0.3072,1,0.0,0
-0.9782,-0.7746,-0.8563,0.172,0.7438,1.0749,-0.5038,0.0805,1,0.0,0
-2.2978,0.7522,-1.182,-1.0663,0.6779,-0.0746,-1.5364,1.8446,1,0.0,0
-0.4778,-0.9785,-0.8088,1.0609,-0.8075,-0.0325,0.8844,-0.5836,1,0.0,0
0.4684,-1.1886,-0.5791,-0.6243,-0.1443,-0.5702,-0.8222,1.6823,1,0.0,0
1.3857,0.4907,1.3654,0.6536,-1.1802,0.2808,0.5089,-1.4262,1,0.0,0
-2.1394,-0.0002,-0.7146,0.1325,0.2208,-0.9118,-0.6409,0.7926,0,0.0,0
1.7123,0.1663,-1.4126,1.3209,-0.3403,-2.9701,-0.2302,0.5846,0,0.0,0
-0.4633,0.1273,-1.1872,-0.5793,-0.1962,0.8988,1.1452,-1.3235,0,0.0,0
-0.0607,-0.8452,1.1318,0.189,2.5934,-1.1804,-0.7636,-0.6274,1,1.5,1
1.9156,-0.3388,-0.0126,0.5934,1.5863,-0.0632,1.0395,0.5181,0,0.0,0
0.536,0.2481,-0.4945,0.5194,-1.4014,-1.2961,0.7847,-1.482,1,0.0,0
-1.1664,1.3345,0.9968,-0.574,0.8313,-0.7352,1.1257,-0.2178,0,0.0,0
-0.7922,-0.2659,-1.3799,0.119,2.4405,1.145,-1.109,-0.8733,0,0.0,0
1.9596,-0.2229,1.9055,-0.2926,0.8305,0.9491,3.1488,0.2524,1,0.0,1
0.1518,-1.4149,-1.0569,0.3056,-1.5936,0.2536,-0.669,-0.8192,1,0.0,0
-0.4713,-1.6374,-0.4136,-1.8092,-0.9099,-0.2824,0.0282,0.0882,0,0.0,0
-0.2107,1.4222,0.9787,0.6483,0.7374,-2.4416,-0.8169,-0.5665,1,1.5,1
-0.4687,-1.2857,0.9064,0.426,-0.9968,-1.9118,0.0929,-1.5568,1,1.5,1
-0.2029,-1.0449,0.3191,-1.247,-1.1069,1.2797,-0.9055,1.0814,0,0.0,0
0.3749,-0.5889,0.0926,-0.7777,1.0051,-2.1582,-1.0234,0.1296,1,1.5,1
0.1261,-1.0004,0.6755,-0.714,0.5349,0.1296,1.0949,-0.017,1,0.0,0
-0.031,0.16,0.0497,1.9082,-1.0389,-1.5575,-1.012,-1.3347,1,0.0,0
-3.2401,-0.9439,-0.2564,0.2642,-1.5589,1.481,0.3624,-0.562,0,0.0,0
-1.2999,-1.2723,2.3161,-0.5361,-0.0183,-0.657,0.1452,-0.2303,0,0.0,0
-0.121,1.0392,4.0616,0.6582,0.0415,-1.0621,1.0155,-1.7076,0,0.0,0
-1.271,-0.931,0.2906,0.1456,-0.3767,-0.5739,-0.8344,-0.0584,1,0.0,0
-1.0172,0.4239,0.939,-0.3683,-1.8317,-0.2827,-1.1237,0.7281,1,0.0,0
2.6508,1.578,-1.0319,0.169,-0.2145,0.1022,-1.4833,-0.6815,1,0.0,0
-0.5527,-3.3495,-0.5348,-0.7811,-0.3754,-2.6311,-0.7367,-0.8531,1,1.5,1
1.3113,-2.5014,0.9351,0.0298,-0.0096,0.2856,0.5141,1.451,1,0.0,1
0.9154,-1.661,-1.915,-0.6807,0.1648,1.2256,1.0157,1.3714,1,0.0,1
0.6445,1.2872,-0.9874,1.5716,-0.9315,0.2771,1.1586,0.7132,0,0.0,0
0.4343,-0.4045,-1.5705,-1.1112,1.7692,-1.5149,0.2228,0.6101,1,0.0,0
-0.3833,0.7255,-0.1254,-0.4786,2.1384,-0.2444,-0.1821,-1.1074,1,0.0,0
0.5534,1.9523,-0.1967,-0.593,-1.3532,0.0417,1.4791,0.9596,0,0.0,0
0.9646,1.1105,-0.6625,0.353,0.1115,-2.2571,-0.3529,-0.3571,1,1.5,1
0.7757,1.2179,0.5804,-0.7947,-0.1596,0.8754,-0.4069,2.92,1,0.0,0
-0.5507,0.7449,-0.3982,-0.4412,-1.2022,-0.0496,-0.8941,-0.1808,1,0.0,0
2.2348,0.5561,-0.0904,1.3044,0.3867,1.3331,4.1933,1.6849,1,0.0,1
1.3842,-0.4119,-0.6706,0.8069,-1.5405,0.71,1.7335,1.0217,1,0.0,1
0.9514,0.2633,0.3404,-0.5216,-1.0011,-0.3325,-0.2225,-0.6252,0,0.0,0
-0.7775,-0.2185,0.1666,-0.5599,-0.0527,-1.3542,-0.2253,0.7757,0,0.0,0
0.018,-0.0933,0.5736,1.0584,-0.3414,-0.2438,-0.1608,0.0828,1,0.0,0
1.0617,0.0447,0.3587,-1.493,0.4216,-0.6996,1.2614,1.3942,1,0.0,1
-0.4395,0.9116,-0.8186,0.8785,-0.6812,1.4907,1.3251,-0.4714,1,0.0,0
-0.1411,0.8374,1.7617,-0.0013,0.8358,-2.8253,-0.5794,-1.1234,1,1.5,1
0.5199,-1.0337,-0.0792,0.0353,-1.0545,0.2598,-0.858,0.9721,1,0.0,0
-0.6376,-0.4981,-1.5841,0.0312,-1.2802,-1.2104,0.9161,-0.6832,0,0.0,0
0.1832,2.3083,0.515,-1.3269,-0.1388,-1.9983,-0.4136,0.0318,1,1.5,1
1.1375,-2.2823,-0.1581,1.2522,0.1968,0.4839,1.8446,0.9465,1,0.0,1
1.1504,0.7097,-1.5635,0.407,0.8969,0.4559,1.0301,-0.5496,0,0.0,0
1.4628,0.6728,-1.0259,-0.2738,1.0485,-0.5115,-0.0767,0.3244,1,0.0,0
2.0431,0.5277,0.5958,0.1423,-0.1928,0.9659,1.1014,-1.3012,0,0.0,0
1.3432,-0.0303,1.4694,-0.9667,-0.186,-0.1982,0.7865,1.0453,1,0.0,0
0.406,-0.122,-0.3618,-0.1142,0.1329,-0.1839,1.2805,-0.5703,1,0.0,1
-0.835,-0.9969,-0.4382,-1.6449,-0.7305,-0.7382,0.8839,-0.4266,0,0.0,0
-0.1827,0.4973,0.4352,1.1708,-0.4447,-0.272,-0.2894,1.8469,1,0.0,0
-0.4955,-0.6297,0.9414,0.9433,-2.1187,-2.0967,0.0403,-0.8469,1,1.5,1
-0.4477,0.4789,1.3196,0.2862,-0.5038,-2.2092,0.0479,0.7783,1,1.5,1
-0.2294,0.2058,-1.8966,-0.3243,-1.2205,-1.5949,-0.8401,-0.2991,1,1.5,1
0.8839,-0.1238,-0.8284,-0.2679,-0.9072,0.5114,0.0147,0.5678,1,0.0,0
3.8981,-0.0208,1.5297,-0.4386,0.5009,-0.0489,1.8092,0.5659,1,0.0,1
-0.0938,-1.1218,-0.0663,-0.0387,1.2906,1.8667,-0.137,-0.7663,1,0.0,0
0.8019,0.4116,-1.2112,-1.1296,-0.6093,0.5056,-1.2182,-0.2141,1,0.0,0
-1.4296,-0.0057,-1.5364,-0.6925,1.1687,2.2538,0.3182,-1.1161,1,0.0,0
-0.046,0.9376,-0.7438,-0.3538,1.0568,0.3911,-1.3334,0.3613,1,0.0,0
-2.0628,0.1429,1.1608,0.307,0.7815,0.4947,0.7286,0.1457,0,0.0,0
-0.9414,-0.8159,0.5626,-0.895,0.303,-0.9409,2.2256,0.5638,0,0.0,0
-1.3624,-1.7926,-2.7996,-0.229,-0.2685,-1.657,0.2248,-0.6461,1,1.5,1
0.5885,-0.1802,-0.6502,-1.3668,-1.1831,0.3603,-0.9638,0.0642,1,0.0,0
0.0325,-0.5863,0.9332,-0.0583,0.017,0.0135,0.708,-0.4716,1,0.0,0
0.2506,0.171,-0.5752,0.0409,2.0331,-2.2376,0.066,0.435,1,0.0,0
-0.7976,0.1312,0.3798,0.5947,-1.7978,1.6186,0.5618,-0.4256,1,0.0,0
-0.3011,-0.5071,1.6521,-0.2012,-0.966,0.4874,1.8358,0.0808,0,0.0,0
-0.488,-0.4535,1.3926,-2.5296,0.8839,2.2952,0.0236,-0.019,0,0.0,0
-1.2589,-0.2296,0.6553,-0.781,-0.0743,-2.3189,-0.276,-0.0735,1,1.5,1
-0.7001,0.5658,-0.3938,-1.3516,-0.5749,-0.0543,-1.0193,1.3219,0,0.0,0
1.5565,-0.9608,-1.693,1.5093,1.3553,-1.1739,3.0375,1.6561,1,0.0,1
-0.6902,0.8971,-1.21,0.9686,-0.4311,0.7235,0.5771,-0.3251,1,0.0,0
1.3347,0.1312,0.3569,0.0262,-0.2072,-0.1308,1.9763,0.4433,1,0.0,1
-2.2646,-0.8512,-1.0349,-1.1144,-0.8778,-0.8615,0.3092,-0.9121,0,0.0,0
1.7462,-1.6808,0.1904,-0.7276,-0.3636,0.2176,1.5117,3.3059,1,0.0,1
0.5395,-2.6141,-0.1303,0.3864,-0.3085,-0.0654,3.0834,-0.2145,1,0.0,0
0.2465,0.5142,-0.0247,0.326,-0.5129,0.4733,0.8331,-0.0584,1,0.0,0
0.2879,0.5756,1.6315,-1.7628,0.0428,0.8597,-1.3136,-0.0397,0,0.0,0
-0.4004,0.4624,-0.8255,0.3588,0.3916,-0.4207,2.0209,0.371,1,0.0,0
1.3664,0.8484,0.2486,0.2405,-0.4655,-0.0254,1.3366,2.1884,1,0.0,1
-0.5543,0.1137,-0.2095,0.1186,0.7888,0.4792,0.3194,0.7007,1,0.0,0
0.6943,0.6974,0.1554,0.5508,1.0861,-0.8491,1.3657,0.9373,1,0.0,1
0.59,0.5642,-0.9945,-0.7916,-0.9206,0.4498,-2.0374,1.2383,1,0.0,0
-0.6578,-0.8581,-1.1056,0.3853,0.5008,-0.1632,0.0266,1.2571,0,0.0,0
1.4772,-0.4578,1.6298,1.8473,0.9453,2.3726,0.6227,-0.7285,0,0.0,0
-1.0142,0.5103,0.0108,0.1731,-0.5647,-0.0592,-0.2311,0.2677,0,0.0,0
-0.7905,-0.3273,0.2026,-1.8091,-0.4089,1.5593,2.1267,-0.1671,1,0.0,0
0.3358,2.0,-0.5701,0.5423,-1.2509,2.0959,-0.7303,-2.208,0,0.0,0
-0.3391,-1.2997,-1.4439,0.7943,-0.1912,0.2164,1.0017,-1.7331,0,0.0,0
-1.8564,0.1616,0.5387,-0.0805,-1.246,-0.7907,-1.2552,0.2154,1,0.0,0
2.9446,-0.5789,0.0475,-0.1995,0.1741,-1.6318,1.2991,1.2219,1,0.0,1
0.7227,0.0835,-1.1262,0.6581,0.0252,0.6251,-0.0543,-0.7317,1,0.0,0
2.3812,-0.6552,-1.4059,0.5162,1.3809,0.8386,0.2575,2.3586,1,0.0,1
3.1687,-2.0304,1.4633,-1.3516,0.1236,2.2569,-0.5537,0.1883,1,0.0,1
-0.3342,-0.6066,0.1082,1.4987,-0.1627,-0.1691,-0.4158,2.4587,1,0.0,0
-0.1874,1.4172,0.4849,-0.1245,0.3079,0.2218,2.7864,1.6105,1,0.0,1
-0.375,0.7066,-0.2379,0.2573,0.4718,-2.3081,-0.8455,0.4812,1,1.5,1
-1.9668,-1.8237,0.7952,0.7087,-1.9172,0.8515,0.4594,-0.7836,1,0.0,0
2.6053,-0.6233,-0.2447,-0.8273,0.9992,-0.9043,2.0043,2.6783,1,0.0,1
-0.2595,0.6371,0.4306,0.2067,-1.5143,0.5379,1.1695,1.0097,0,0.0,0
-1.342,1.5577,0.6002,-0.364,-1.1571,1.0425,1.7297,-0.934,0,0.0,0
0.9145,-0.6718,-0.5909,-0.3445,1.3883,-1.2012,0.2417,2.0358,1,0.0,1
-0.2351,-1.2674,0.2713,0.1568,-0.1869,-2.5168,-0.5387,-0.0485,0,0.0,0
-0.4623,-0.0512,1.147,-1.2918,0.4667,0.61,0.5583,0.4663,1,0.0,0
1.9584,-0.3612,-1.0096,0.4223,1.9329,-0.1034,0.774,0.6546,1,0.0,1
-0.5915,3.08,2.1852,0.78,0.6932,-1.5316,-0.7125,0.4437,1,1.5,1
-2.0216,-0.1773,-0.2911,-0.4506,-1.6911,-0.3647,-0.0408,0.1048,0,0.0,0
0.2739,-0.3894,-0.1799,-0.1331,-0.5492,-0.5838,-0.9239,1.1882,1,0.0,0
0.7445,1.7024,1.7045,1.2759,-0.9641,1.5198,-0.7154,-0.0531,0,0.0,0
1.0657,-0.1593,-0.8121,-1.3232,0.536,1.0199,1.3999,0.0538,1,0.0,0
1.8866,0.5315,-0.0672,1.0671,-0.3304,-0.4237,2.1795,-0.8794,0,0.0,0
0.488,0.8701,-1.5756,0.5584,-0.5899,-0.8082,-0.8522,1.2114,0,0.0,0
3.466,-0.0403,0.6122,1.22,1.0772,-0.922,2.456,2.3438,1,0.0,1
-1.2497,-0.23,1.3417,-0.7118,-0.525,1.1034,-0.3947,-0.3053,0,0.0,0
0.8076,-0.9257,-0.6185,2.2425,-0.83,-0.706,-0.2766,-1.0226,1,0.0,0
0.4323,-1.1078,0.5737,-0.7957,-1.0034,0.0069,-0.6814,2.2924,1,0.0,0
-1.5687,0.5462,-0.3987,1.9168,-1.0527,-2.247,0.0659,-0.348,1,0.0,0
-0.2776,-1.5898,-0.7149,1.1271,-0.469,-0.7226,0.8683,0.9889,0,0.0,0
2.5005,1.0385,0.4456,-0.2695,-0.7934,1.2756,2.007,1.0907,1,0.0,1
-2.2481,-0.1289,-0.4362,-2.1612,0.2885,0.591,-0.7341,-0.3726,1,0.0,0
0.0994,-2.1352,0.4953,-1.4193,-0.6609,-0.4129,-1.1562,-1.371,1,0.0,0
-0.6537,0.4131,1.4935,-0.8627,0.5891,-2.1425,-0.6863,-0.1106,1,1.5,1
-0.3215,0.1408,0.8002,-0.645,-1.1635,1.0026,1.1052,0.3701,1,0.0,0
1.0512,0.0195,-0.8707,0.6377,0.6767,2.0688,-2.0451,-0.2334,0,0.0,0
1.0639,0.4551,0.0165,-1.3397,0.116,-0.767,0.706,-0.1193,0,0.0,0
0.932,-0.6921,1.0349,-1.9188,-1.0615,0.9921,-0.1482,-0.671,1,0.0,0
-0.6125,-1.6828,-0.0296,1.8455,1.9805,1.3218,0.7058,-0.6765,1,0.0,0
-0.1664,-1.2904,1.6773,0.4416,1.3944,-0.319,-2.0491,1.5317,1,0.0,0
0.6164,-0.8369,-0.293,-0.2704,-0.0428,-2.0924,-0.2545,-1.3468,1,0.0,0
-1.1667,0.0769,0.101,-0.8543,0.1422,0.6446,0.228,-1.0394,0,0.0,0
-1.5019,-0.8164,0.3217,0.5287,-0.9221,-0.3323,-0.1338,-0.1622,1,0.0,0
0.4268,1.6733,-1.909,1.1712,-0.5687,2.349,0.436,-0.1878,1,0.0,0
2.8816,0.2047,1.0103,0.2506,0.5432,-0.4954,2.2947,2.7416,1,0.0,1
0.5807,-0.0551,0.3084,-1.6977,-0.3651,-0.5999,-0.8642,-2.255,1,0.0,0
0.656,0.1727,0.7537,1.2826,-0.2214,0.1975,-0.0552,-0.4036,0,0.0,0
1.4041,-0.7763,-0.942,-0.6094,0.5989,0.5031,1.7451,2.7752,1,0.0,1
1.0142,-0.8092,-2.3229,0.9708,-1.39,-0.3624,3.1291,1.1233,1,0.0,1
-0.8551,-0.5477,0.227,0.6407,0.8968,-0.4964,0.924,1.1737,1,0.0,0
-0.0001,-0.594,-0.7316,-0.7605,2.4447,-1.7721,-0.5501,-0.0141,1,1.5,1
0.168,-0.6774,0.1738,0.7507,1.0697,-0.9899,1.2675,-0.4744,1,0.0,0
0.2587,0.1406,1.1529,1.6702,0.3677,-0.5539,-1.1748,-0.7918,0,0.0,0
0.3865,-0.2633,1.0214,-0.0052,-0.3003,0.1277,-0.172,-0.668,1,0.0,0
0.0141,-0.3863,0.365,0.2192,-0.8324,-0.2585,0.8933,1.0445,1,0.0,0
-0.5185,-0.1288,0.8919,0.9573,0.6244,-1.6176,0.5017,-1.1837,1,0.0,0
0.2719,1.1838,1.0191,1.6638,1.0827,-0.1179,0.2584,0.1792,1,0.0,0
1.3495,0.4982,-1.2449,0.7282,-1.073,-1.3912,-0.2005,-0.5298,1,0.0,0
2.4049,0.0137,-0.2368,-0.3643,-0.0333,0.2442,-1.1311,-1.9806,1,0.0,0
0.8617,0.4939,0.8736,1.879,1.4844,-1.1452,-1.6887,0.8169,1,0.0,0
0.8555,-0.7108,-0.1728,-1.5202,-2.1572,1.2351,1.2991,2.4988,1,0.0,1
1.0447,-0.8446,0.6863,1.2933,-1.4028,0.3647,-0.3085,-0.3216,0,0.0,0
-1.0601,1.1346,2.3128,2.0223,-0.2192,0.7402,0.121,0.1021,1,0.0,0
-0.508,0.6301,-0.3019,-0.1514,0.0222,1.1765,0.6805,0.3826,1,0.0,0
-0.7047,0.9817,-0.0438,0.8558,-0.5413,-0.5053,-1.1525,0.578,0,0.0,0
1.0667,-1.2275,-1.163,-0.0304,0.4551,-1.8129,1.353,1.9221,1,0.0,1
-0.695,-0.4885,-1.077,-0.9951,-0.6114,-0.5337,1.0559,-1.2726,0,0.0,0
2.4832,0.1984,-2.0625,0.0046,-1.7251,1.8581,1.6779,0.3762,1,0.0,1
0.4456,1.1315,1.0132,0.4078,0.3106,-1.0985,-0.1343,0.2203,1,0.0,0
0.9945,-0.6085,-0.1846,0.1298,-0.9859,0.4743,1.024,-0.4809,0,0.0,0
-0.2411,-0.0625,-0.0856,-0.0013,1.114,0.1238,-0.1537,-0.2765,0,0.0,0
-0.4954,-0.6753,-1.1595,-0.588,-1.5798,0.3418,-1.6244,2.0192,1,0.0,0
-0.285,0.334,0.2912,-0.2136,-0.4389,-0.994,-1.4467,0.0831,1,1.5,1
0.4099,-1.4566,-0.1646,-0.2593,0.2075,-1.3587,1.6341,0.1044,1,0.0,0
-1.2636,-1.2438,2.1127,-2.3521,-0.1763,1.4579,0.4834,-0.8296,0,0.0,0
0.5035,0.3977,0.233,0.2259,0.9902,-0.512,1.7357,-0.1062,0,0.0,0
-0.4407,-0.3786,0.0993,-0.1844,-0.0425,1.5634,0.2423,0.8514,0,0.0,0
0.3864,-0.5542,-0.451,1.6689,0.8596,0.8028,0.5288,0.4842,0,0.0,0
-0.9413,-0.1124,-1.0683,0.3792,-1.4234,-1.9468,-0.5816,-0.0536,1,1.5,1
3.6717,1.073,0.6957,-0.8797,0.4393,-0.381,1.5126,1.6611,1,0.0,1
-0.1828,-0.7428,0.3363,1.1079,-0.3389,-2.1349,-1.0457,-0.0969,1,1.5,1
-1.385,1.3498,0.7104,0.102,-0.4346,0.0316,0.0248,-0.3368,1,0.0,0
1.5301,-1.0658,0.9395,-1.2771,0.5567,1.4937,-0.5905,1.6699,1,0.0,1
0.3233,0.1492,0.4945,-0.2047,-0.293,-0.0513,1.1242,1.2084,0,0.0,0
1.7591,-0.6128,0.3045,1.5655,0.3459,-2.0435,0.3749,-0.3874,0,0.0,0
2.8563,0.6751,-0.6486,-1.3595,-0.028,-0.3345,0.8914,1.2267,1,0.0,1
0.282,-1.6494,0.3622,-1.0224,2.5689,-0.2134,0.1887,-1.1467,1,0.0,0
1.3756,-0.4932,-0.7736,1.0164,0.14,-1.1025,-0.3797,-0.7557,0,0.0,0
-0.8711,-0.6717,-1.558,-1.7836,0.5233,-0.8118,-1.6882,2.3049,0,0.0,0
0.0555,0.6447,0.5331,-1.5905,1.0869,-0.529,-0.467,1.7274,0,0.0,0
-0.8981,-0.2135,1.2448,0.784,1.3871,-1.2769,-0.9144,-0.2573,1,1.5,1
1.0668,0.0698,-0.6039,2.1946,-1.0744,-0.0976,0.8472,-1.0696,0,0.0,0
0.8408,0.6657,-0.2335,-0.0881,-0.1591,-1.9256,-0.7231,-0.5289,1,1.5,1
-0.8226,2.0154,0.1163,-0.2538,-0.2303,0.6016,0.0511,-0.1769,0,0.0,0
0.5314,1.7322,-1.7795,-0.0182,0.0414,-0.0839,-0.1871,-0.3404,1,0.0,0
-0.1808,-0.3818,1.0143,0.6364,-1.1324,0.1726,-1.3894,-0.8041,1,0.0,0
0.4524,0.2497,1.1021,-1.3406,0.4669,-0.7069,0.1384,0.3486,1,0.0,0
1.1204,-2.0733,-1.8513,-1.3882,-0.4848,0.0186,-0.0789,-0.0671,1,0.0,0
0.381,-0.6009,-0.0149,0.7568,-2.7604,-0.1245,0.5432,0.6821,0,0.0,0
-0.5429,-0.0512,-0.7933,-0.6261,-1.2777,1.2571,-0.1541,0.9659,1,0.0,0
-0.4405,-0.7065,-2.0156,-1.1491,0.6607,2.9842,-1.3012,-1.0882,1,0.0,0
1.6718,1.2151,1.9841,-0.5411,0.3301,-0.5163,0.9036,1.1431,1,0.0,1
-0.7196,-0.767,-0.3675,-0.56,0.1873,-1.9236,-0.5463,-0.5067,1,1.5,1
1.0553,-0.049,1.4085,0.1872,-0.6727,0.2771,0.736,0.0358,1,0.0,0
-0.4171,1.7484,1.536,1.8259,-1.1487,-0.6545,0.9055,-1.2085,0,0.0,0
-1.9774,0.6969,-0.1114,0.3568,0.1057,0.6317,0.038,1.2362,0,0.0,0
-0.6925,-0.221,-1.5612,-0.5328,-1.9853,2.2899,1.5154,1.238,0,0.0,0
1.2987,-0.3843,-1.4011,0.8443,0.0784,0.0925,2.8189,0.9706,1,0.0,1
-0.0225,0.9329,0.0815,0.896,-1.4039,-1.5742,0.7757,-1.3901,1,0.0,0
0.7923,0.8183,-0.3029,-0.3841,0.035,0.822,0.6975,-0.5164,0,0.0,0
0.9227,-0.7106,0.4923,2.6211,-0.0897,-0.2555,-0.6925,-1.4486,0,0.0,0
-0.3363,0.2836,-0.4602,0.3434,1.0627,0.8091,-0.4258,-1.3284,1,0.0,0
1.4352,0.3276,0.7331,0.7051,-0.0095,-0.2048,0.1192,0.6713,1,0.0,0
-0.1273,-0.0001,0.1075,-0.1709,0.9992,-0.0087,0.1741,-0.0515,0,0.0,0
2.8165,1.0748,-1.2694,0.9508,-0.4676,1.2289,1.9096,1.3761,1,0.0,1
0.0752,-0.0121,0.6444,-0.3346,0.102,-0.7361,-0.464,-1.7732,0,0.0,0
-0.591,-0.1186,-1.9977,-1.1314,0.3628,-2.1286,0.8466,-1.7461,0,0.0,0
0.8054,0.5526,0.2157,-1.0429,0.5111,-0.6842,1.0938,-1.2711,0,0.0,0
-0.2933,-0.6656,0.5396,-0.9201,-2.0769,-0.3702,-1.4978,-0.6489,0,0.0,0
0.4568,-1.3253,0.7538,0.8916,-0.5346,-2.1756,-1.0035,-0.8755,1,1.5,1
-0.3817,-1.1464,-1.1684,-0.266,0.0682,-2.6222,-1.0489,-0.2359,1,1.5,1
2.0323,-0.8153,1.0924,1.5104,1.1009,-0.5111,-0.0899,1.0426,1,0.0,1
-0.2139,1.1373,-0.5085,0.1921,-1.0461,-0.8368,-0.5235,2.1763,1,0.0,0
-0.3433,-1.6605,-0.4317,0.8467,-0.6306,0.1384,-0.8448,1.9395,1,0.0,0
0.6166,0.347,1.2494,0.8991,0.4628,0.3296,1.7585,0.5123,0,0.0,0
0.1746,-0.1047,-0.3813,2.1531,0.0085,-0.97,0.9276,0.8207,1,0.0,0
1.7384,-1.0704,-0.3432,-0.2952,-1.5425,-1.6577,1.9022,1.6153,1,0.0,1
1.1631,-0.8801,0.3709,-1.1916,-0.9665,0.673,-0.3329,2.1662,1,0.0,1
0.9267,1.0625,0.341,-2.4577,-0.6756,-0.4566,-0.9842,0.1987,1,0.0,0
-1.6822,0.6237,-0.5642,-1.7569,-0.5837,1.0913,1.2372,0.7571,1,0.0,0
-0.4498,-0.0937,0.191,-1.6467,-1.5634,-0.302,0.4744,0.3602,0,0.0,0
-0.9874,0.6165,0.802,-0.5956,-1.4735,2.2565,1.0531,0.3215,1,0.0,0
0.1541,-0.7699,-0.2616,-0.9415,1.0047,-2.102,-0.2179,2.3872,1,0.0,0
0.2843,0.2945,2.1282,-0.0711,0.5823,0.0509,1.2175,0.5323,1,0.0,0
-0.5849,-1.315,-0.8904,-0.81,1.0158,-1.7966,-0.6588,-0.6319,1,1.5,1
-0.246,-1.538,-0.0572,-0.2241,-0.4631,-3.0957,-0.5678,-0.5322,1,1.5,1
0.1182,-1.5533,-0.7461,0.8795,-0.2783,-0.8201,-0.1114,0.4753,0,0.0,0
0.961,0.1944,0.371,-0.3494,0.3156,0.0558,1.4551,0.7244,1,0.0,0
0.8737,-0.3925,-0.2272,-0.221,0.1096,-1.593,-0.2354,-0.8544,0,0.0,0
-1.5309,-0.131,0.3139,-0.3831,0.9113,-0.3602,-0.9257,1.4443,0,0.0,0
-0.4231,1.4944,1.1459,-0.5673,0.3931,-2.1647,-0.5535,-0.6242,1,1.5,1
0.0197,0.2151,2.0387,-0.6176,0.4671,0.7264,-0.9531,0.1892,1,0.0,0
0.9584,-0.1559,-0.4228,0.102,0.9057,0.3304,0.6745,-2.0241,1,0.0,0
-0.4305,-0.2756,-1.6031,0.3041,0.4445,-1.4853,0.4856,-0.3171,1,1.5,1
-0.8614,-0.2325,0.7133,0.3748,0.4591,-1.4686,-1.6333,-0.2902,1,1.5,1
0.3526,0.6715,1.8016,-0.6963,0.6035,0.3026,-1.0217,-0.0195,1,0.0,0
-0.5831,-0.2057,-0.1931,0.4576,-0.956,-1.5692,-1.3477,-0.4818,1,1.5,1
-1.1153,-2.1674,0.9968,-0.8433,-0.5998,-0.431,-1.0401,-1.1327,0,0.0,0
2.0628,-0.6113,0.236,0.29,-0.2175,0.2931,0.4706,1.957,1,0.0,1
-0.6099,0.2057,-0.9831,1.5497,0.101,0.354,-1.0506,-0.9304,0,0.0,0
1.6412,0.7804,-0.4999,0.9287,-0.2178,0.5852,-0.9111,-0.5995,0,0.0,0
1.2808,1.0242,0.9263,-0.9045,0.4359,-0.5276,-1.1739,-1.135,1,0.0,0
1.6893,-1.339,-0.111,-0.6593,1.2788,0.699,1.9781,3.2333,1,0.0,1
0.151,-0.158,-0.4243,-0.3736,-0.9765,-0.2697,-0.5526,0.0917,1,0.0,0
0.0061,-0.1774,-1.4145,-0.2658,-0.8932,0.1599,1.8647,0.625,0,0.0,0
0.5508,0.6303,0.1304,2.2722,0.0241,0.463,-1.9053,-0.6306,1,0.0,0
-0.8999,0.1641,2.2448,-0.8317,-0.6239,0.2054,0.493,-0.1764,0,0.0,0
-0.7424,-0.0587,-1.0433,0.6061,-0.1039,0.25,-0.1829,-0.7273,0,0.0,0
0.1786,0.7708,-0.6339,0.3306,-0.0935,2.8244,-0.7086,1.3842,1,0.0,0
-0.6796,0.9126,-0.2168,-0.327,1.7092,-0.3384,-1.1562,-1.3169,0,0.0,0
-0.0789,-1.047,0.5415,-0.4838,-1.3607,-0.8156,-0.3847,0.8486,0,0.0,0
1.8367,1.485,1.4841,0.1838,0.9735,1.4873,1.4542,1.6716,1,0.0,1
-0.8309,-0.2746,-2.5445,0.1789,-0.0289,2.5659,0.7587,-0.4802,0,0.0,0
-0.2467,2.0322,-0.3093,-1.2772,-0.7141,-0.3172,2.1552,0.2068,0,0.0,0
0.6926,-0.1957,1.9988,1.7527,-0.39,-0.1084,1.1999,-0.7881,0,0.0,0
0.7432,-0.0825,0.0811,-0.2907,1.1546,-0.0215,-2.2004,-0.6921,1,0.0,0
-0.7048,-0.7199,1.8864,-1.2097,-1.0506,-0.809,1.1988,2.1015,0,0.0,0
0.3778,0.857,-1.206,-0.8215,0.7567,-0.4365,-0.5883,0.4767,0,0.0,0
1.8555,-0.9514,-0.255,-1.3786,-0.3438,0.5184,1.4512,-0.6633,1,0.0,0
-1.0553,-0.4658,-1.0092,-1.0975,0.6673,-0.4982,0.4102,-1.154,1,0.0,0
-1.0288,0.8435,-1.5893,-0.4398,1.1783,-0.8053,0.0672,-0.4784,1,0.0,0
-0.2192,-2.2645,0.8684,0.9309,-0.6636,0.0354,0.3352,0.9057,0,0.0,0
-1.5428,0.4921,0.4154,0.802,1.8583,0.2979,0.3062,-0.0995,1,0.0,0
0.5766,-0.4949,0.022,-2.0707,-0.2076,-0.122,-1.2261,-1.7295,1,0.0,0
1.2764,-0.3187,-0.1312,-0.5986,-0.8873,-0.1558,0.838,1.5506,1,0.0,1
0.3387,0.7249,-0.5918,-0.1063,-1.6085,-2.2199,-1.9405,1.5368,1,0.0,0
-1.0431,0.7931,0.7036,1.094,-1.0722,1.0814,0.482,1.7626,1,0.0,0
0.777,1.5893,-0.2907,1.7364,1.7346,0.7831,1.8397,0.8519,0,0.0,0
-0.7215,0.5833,-0.7555,0.4328,-0.9714,-1.2121,-1.8354,1.8612,0,0.0,0
2.4134,-1.1302,0.2885,-2.6591,-1.0869,0.6238,0.9604,1.5716,1,0.0,1
1.0588,-0.428,-0.2547,0.688,-0.523,-0.2055,1.6644,1.4405,1,0.0,0
0.2511,-1.102,-0.2767,-0.2329,-0.6907,1.9306,-1.9061,0.381,1,0.0,0
-1.4512,-0.9052,1.3696,-1.3863,1.1924,1.2765,-0.2305,-0.098,0,0.0,0
0.8885,0.99,-0.0803,-0.1893,-0.8307,0.4024,-0.2476,0.6059,1,0.0,0
2.6832,-1.3087,-0.1275,-1.1998,-1.6815,0.1699,3.8582,3.0252,1,0.0,1
1.6418,-0.168,0.9219,-0.7632,0.5593,-0.0408,0.5589,2.1852,1,0.0,1
1.0592,0.6478,-1.3376,-0.7623,1.7786,0.3185,0.0041,1.0561,0,0.0,0
-1.7143,-0.0251,1.1923,2.0989,1.1966,0.6869,0.053,-0.6,1,0.0,0
1.7444,0.6887,0.776,-0.9178,-0.6952,0.6439,1.5343,1.3921,0,0.0,0
0.6501,1.1859,-0.5168,-0.0772,0.2828,-1.0813,-0.9899,0.0972,1,0.0,0
-0.2357,0.7897,0.6129,0.3745,0.9776,-2.5535,-0.6603,-0.0686,1,1.5,1
0.7206,0.7446,-0.1682,-1.3831,0.0056,-0.5375,0.5666,-0.0854,0,0.0,0
0.2,1.1492,-1.4468,0.9174,-1.3239,-0.8597,-1.7877,2.1049,0,0.0,0
1.2969,-1.1015,-0.0794,-1.3784,-1.1078,-0.5139,0.83,0.8152,0,0.0,0
-2.1339,0.9,0.6992,0.1482,0.0684,1.0363,-0.4571,-0.7065,1,0.0,0
0.5042,0.229,-1.6254,-0.9232,0.5282,-0.6996,0.5336,0.3194,1,0.0,1
-1.0545,0.0124,-0.0708,0.6992,-0.5034,-1.3824,-1.3701,-0.2939,0,0.0,0
-0.8395,-0.3954,1.2097,1.5293,-0.5575,-2.3809,-0.1979,-0.3503,1,1.5,1
1.5941,1.1879,0.9129,-0.6007,-0.7652,0.6438,-0.3373,1.022,1,0.0,1
-0.0895,-0.8503,0.9518,-0.0304,1.6657,0.7353,0.8355,0.2307,0,0.0,0
0.3611,-1.6069,0.131,1.0466,-0.2801,1.1157,0.6249,0.4282,0,0.0,0
-0.3664,1.2119,0.4942,0.6713,-0.5082,1.9242,1.7096,0.5659,1,0.0,0
0.0456,-1.0154,-0.3728,0.0315,0.5037,-0.5934,-0.2504,-1.8184,1,0.0,0
-0.8735,1.298,-0.144,0.5549,-0.4149,-2.2501,0.5472,-1.3467,1,0.0,0
-1.109,0.9873,0.3892,-0.5951,0.6885,0.5613,-1.87,0.7427,1,0.0,0
-0.0356,-2.6747,1.3416,-0.5213,-0.5838,-1.3039,-0.6457,-1.1974,1,1.5,1
2.6383,0.8942,0.4508,-2.1742,-0.6994,0.7092,0.0702,1.2328,1,0.0,1
0.1729,-0.2346,0.0808,-0.1881,0.52,-0.3948,0.8546,0.2414,0,0.0,0
0.0287,-0.916,1.2137,-1.3856,1.1712,0.9544,-0.093,-0.7654,0,0.0,0
-1.2553,1.4983,1.0498,-0.6162,-0.6032,-1.369,-1.451,0.3977,0,0.0,0
-1.3246,1.722,1.4604,-0.4636,0.7717,0.3787,-2.6136,0.2504,0,0.0,0
-2.1282,-0.2835,1.6454,0.3467,1.1468,-0.3631,-1.3568,-0.4591,0,0.0,0
-1.3418,1.1644,0.3408,-1.5156,-0.047,-0.7753,-0.6576,0.0767,1,0.0,0
-1.3624,1.7507,1.4741,-0.376,-0.4588,-0.069,0.9851,-0.3796,1,0.0,0
-0.5872,-0.1455,-0.9598,-1.4537,1.0946,-2.3309,-0.403,-1.2614,1,1.5,1
0.3419,-1.6495,-0.8031,0.6712,-0.5504,-2.1781,-1.5708,-0.6922,1,1.5,1
-0.7114,-1.2894,-0.5041,0.0349,-0.9341,0.274,1.8113,-0.5882,1,0.0,0
0.1075,0.6877,0.9252,0.4516,0.3137,0.2849,1.3752,1.6678,1,0.0,1
0.2333,0.1675,0.1304,1.0509,0.8677,0.2805,-1.5003,-0.3531,0,0.0,0
-0.192,-0.2633,-0.2453,-0.8598,0.686,0.2914,-1.6289,0.0275,0,0.0,0
2.4121,0.1389,0.9568,0.349,-0.2207,0.1137,4.1215,2.4954,1,0.0,1
-0.203,-0.2383,-0.7083,0.4179,0.02,1.6614,0.6073,0.5377,0,0.0,0
0.5702,0.1671,-0.0816,-0.6429,-0.794,0.2812,2.3158,1.8053,1,0.0,1
0.3369,-0.6587,-1.5224,1.0385,0.494,0.4932,-0.4754,1.0289,1,0.0,0
1.5233,0.844,-0.453,0.7831,-1.4659,-1.7316,-1.2898,-0.4097,1,0.0,0
-1.0655,-2.1595,1.0253,-0.7242,-0.3061,-1.398,-1.3255,-1.1566,1,0.0,0
-0.3508,1.3394,0.2815,-0.095,-2.1248,-1.3553,-0.1971,-0.457,1,1.5,1
0.2702,0.5204,0.3771,0.6035,-0.6028,2.8222,1.2146,1.5761,1,0.0,1
0.1205,-0.1321,-1.1416,-0.0211,0.8772,-0.967,-0.2411,0.6648,1,0.0,0
-0.8691,-2.2971,0.8981,-0.4328,2.2811,0.2729,0.13,-1.8646,1,0.0,0
0.3806,0.4092,0.772,0.1411,-1.4316,0.5319,-0.309,-0.2861,0,0.0,0
0.983,0.1496,-1.1614,0.6266,-0.7152,-2.5227,2.8289,0.7081,0,0.0,0
0.3608,0.5128,-1.4404,-1.0616,1.1508,0.2805,0.4832,-0.5314,1,0.0,0
-0.9412,-0.3717,-1.134,-0.517,0.3161,-3.0477,-1.9286,-0.1824,1,1.5,1
-0.6988,-0.1103,2.102,-2.0687,0.3249,-2.8594,-0.8352,-0.5599,1,1.5,1
-1.1035,1.4173,-0.6431,-2.0292,1.0014,-2.3564,-2.2062,-0.5056,1,1.5,1
2.5461,1.2731,0.3151,-0.5784,0.6085,0.9232,1.7053,1.2286,1,0.0,1
0.3395,1.0326,0.3426,1.0527,0.1344,1.2296,1.2452,-0.0995,1,0.0,0
-0.7549,-0.0985,-1.4518,-1.0457,0.5775,-0.071,0.383,-1.8893,0,0.0,0
-1.0038,-1.6739,1.6392,-1.289,0.1139,-0.5358,-1.7998,-0.3373,1,0.0,0
-0.8063,0.8746,-1.0257,-1.133,-1.3877,-1.4085,0.4709,2.5691,0,0.0,0
0.5459,-0.0134,-1.175,0.5348,0.384,0.7316,2.5688,0.7278,1,0.0,0
-0.0621,0.1911,0.4014,-0.5089,-0.7408,0.7475,-1.6966,-0.6182,1,0.0,0
0.6824,0.0912,-1.1422,0.947,0.6946,0.5968,1.0089,1.101,0,0.0,0
-0.1551,0.1782,1.9225,-1.3797,1.9059,-0.2512,0.7241,-2.5398,0,0.0,0
-0.9512,0.4706,0.368,0.0468,-1.8605,-2.6144,-0.8126,0.2926,1,1.5,1
1.9892,1.0096,-0.5613,-0.0743,-0.5247,0.7583,0.8469,1.8933,1,0.0,1
-0.8084,-0.3186,0.6394,-0.2235,-0.1737,-2.1396,-0.4292,-0.3163,1,1.5,1
-1.2214,-1.4881,0.1957,-0.9928,0.6424,-2.6092,-1.4402,-0.9091,1,1.5,1
-0.3403,0.5628,0.6405,0.9818,1.1671,-2.8525,-0.7378,-0.5648,1,1.5,1
-1.05,0.1926,-0.7135,-1.0614,0.2381,0.525,-1.7608,1.6897,1,0.0,0
-0.9631,-0.4331,-1.0301,0.0882,0.0936,-1.176,0.3939,1.2468,1,0.0,1
-0.0696,-1.5957,-0.8836,-1.3868,1.2512,-2.8363,-1.0442,-0.1845,1,1.5,1
-1.5884,-1.3437,0.8239,-1.114,-0.6852,0.5443,-0.3824,0.4231,0,0.0,0
0.5633,0.7191,0.9247,0.499,0.2667,-1.8549,-0.4545,0.0319,1,1.5,1
1.5427,-0.368,0.1971,1.0126,-1.4311,-1.8317,3.3441,1.7747,1,0.0,1
-0.8945,1.2504,0.1134,1.4859,-0.5811,-1.7245,-0.3157,-0.5889,1,1.5,1
0.5267,-1.9047,0.2966,-1.2748,-0.7545,0.8615,-0.7879,0.4295,1,0.0,0
0.1432,-0.1416,-0.4392,0.5523,-1.6646,0.4605,0.243,0.2834,1,0.0,0
1.8531,1.0627,0.4585,0.2192,-0.4171,-0.3979,0.6157,-0.7118,0,0.0,0
1.5303,1.4996,-0.2589,1.6104,-0.0433,0.3806,0.8836,0.292,0,0.0,0
1.5604,-0.2963,-1.0851,1.0205,0.3096,1.124,0.0111,1.1956,0,0.0,0
-1.4911,-0.0766,-1.1816,0.2593,-1.2976,-2.19,-1.2468,-0.6952,1,1.5,1
0.7843,0.1947,0.3024,-0.2446,1.2007,-0.7015,1.7514,-0.2618,1,0.0,0
0.714,1.2957,-0.5138,0.8811,-0.9628,0.2324,1.0852,2.3244,1,0.0,1
2.381,-1.3285,1.3094,1.2508,-1.8029,-1.3573,-0.8991,1.0458,1,0.0,0
-0.3284,0.5565,0.3231,-0.832,1.716,0.257,0.0105,1.4773,0,0.0,0
-0.5027,-0.0523,-0.5658,-0.1185,-0.6108,2.004,1.3291,0.45,0,0.0,0
-0.5139,-0.6121,-0.6979,-0.3012,-1.3519,-0.074,-1.5166,0.0423,1,0.0,0
2.291,-0.0939,2.1018,-0.7538,0.7363,0.0457,0.7902,2.7723,1,0.0,1
1.6213,0.782,-0.208,-0.3265,1.4608,-0.6855,2.5147,2.3574,1,0.0,1
1.4467,0.2567,-0.4053,-0.1041,0.7185,-0.0081,2.7484,0.7957,1,0.0,1
0.323,-0.0868,0.3031,0.3059,1.4103,-0.019,2.0993,-0.882,1,0.0,0
0.1763,1.3519,0.817,-1.002,-0.6356,0.3307,-0.6229,-0.3765,1,0.0,0
0.3126,0.302,0.7869,-0.5393,-0.0402,0.9062,1.9574,-0.1593,0,0.0,0
0.9116,0.2404,-0.0136,0.101,0.1095,0.5513,-0.0106,0.4815,0,0.0,0
-1.2567,1.1103,0.2493,0.5664,-0.2591,-2.3804,-0.0844,-0.9558,1,1.5,1
0.3389,-1.74,-0.5997,0.6129,0.0177,1.5541,-1.3669,0.6784,0,0.0,0
-0.5488,0.2339,-0.0044,-1.3623,0.0671,-1.3429,-0.6165,-0.2944,1,0.0,0
-0.6937,-1.2257,-1.0782,-0.012,0.9854,1.168,0.2121,-1.1914,0,0.0,0
1.2471,0.1824,0.9839,-1.1215,0.3002,-0.0008,2.1763,1.6939,1,0.0,1
0.6457,0.9984,1.7626,-0.4222,0.5014,1.6507,0.9125,1.2613,1,0.0,1
0.0745,-0.0527,-0.3243,-0.2534,1.1041,0.6635,-0.9303,1.6262,1,0.0,0
0.3175,-0.2256,-2.3544,-0.1667,-0.6141,-0.8512,0.3739,-0.5066,0,0.0,0
0.0939,1.0203,-0.3578,-0.3113,-0.4132,-0.721,0.4747,2.5753,1,0.0,1
0.5416,-0.0204,-0.7225,0.6652,-1.7255,-0.3624,-0.2727,-0.8661,1,0.0,0
-0.7386,-1.1894,0.0607,-1.7321,0.1105,0.021,-0.6578,-1.0109,0,0.0,0
0.6091,0.3154,-0.9886,0.0022,0.0553,-0.3077,0.8949,1.7131,0,0.0,0
2.2547,0.6889,1.6487,0.1648,-0.4456,-0.4699,2.1101,2.9966,1,0.0,1
1.5452,-0.4539,0.0479,-0.282,1.709,-0.5245,-0.5097,1.5153,1,0.0,1
-1.3282,-1.1011,1.0798,-0.1944,-0.2579,0.3338,-1.2552,0.7729,1,0.0,0
-0.3384,0.0387,-0.5394,-0.2492,-1.2164,-2.7089,-0.5709,-1.3431,1,1.5,1
0.4364,-0.0398,1.2486,-0.0585,0.0251,0.2104,-1.4443,1.0112,1,0.0,0
0.6679,0.0212,2.188,0.6865,-0.3645,0.7527,0.4193,-0.88,1,0.0,0
0.5569,-0.1284,0.6199,1.7649,-0.8988,0.5751,3.5461,1.5357,1,0.0,1
-2.3847,-0.1313,1.8993,0.8086,1.3874,0.0428,-1.4943,-1.1839,0,0.0,0
0.2996,1.8448,2.5092,-0.8885,1.0546,0.6238,0.3996,0.48,1,0.0,0
-0.4296,-2.4119,0.2239,1.2777,-2.1332,-1.2748,-0.2744,-0.8498,1,1.5,1
-0.0127,-1.6698,0.0189,-1.4914,-0.342,-1.5025,0.0476,0.1387,1,1.5,1
-1.9683,0.7485,-0.7009,-1.0542,-1.383,0.1927,-0.8569,0.5651,1,0.0,0
0.857,0.5635,1.7931,-1.8998,1.2821,-0.261,-0.2807,-0.9695,0,0.0,0
-1.0152,-0.6039,-0.2093,2.0144,-1.3922,-1.8539,-0.8057,-0.3446,1,1.5,1
0.229,2.219,-1.3246,-1.334,0.4733,-2.1471,-0.9615,-0.3054,1,1.5,1
0.2204,-0.6082,0.3153,-1.5228,-0.0379,1.4326,1.2812,-0.511,0,0.0,0
0.5966,0.464,-1.1197,0.9981,-0.7853,-1.1349,-0.6085,-0.1087,0,0.0,0
0.474,-1.2522,-0.4887,1.2979,-1.424,-0.2085,-0.322,2.1236,1,0.0,0
-0.2501,0.0722,-0.1704,0.4628,0.8266,0.2397,-0.6738,-0.78,1,0.0,0
2.2283,-0.1229,-0.5666,-0.8064,-0.0807,-0.6816,2.1782,1.0956,1,0.0,1
-0.1271,-0.0689,-0.243,-2.1529,0.8806,-0.3872,-0.4381,-0.2552,1,0.0,0
-0.9579,-0.3812,0.8727,-0.4279,-0.1863,-0.4452,-1.3448,1.5044,0,0.0,0
-0.0229,-1.1023,-1.0323,-0.8339,0.1986,0.0677,1.0394,0.2368,1,0.0,0
1.0316,0.0966,0.992,-0.1824,0.9083,-1.5731,-1.5481,1.163,1,0.0,1
-0.5019,0.0796,-2.0022,0.3425,-1.5104,0.2974,-0.1095,-0.3136,1,0.0,0
-0.6097,-0.9021,1.4909,0.4966,-1.222,-2.3106,-0.0764,0.382,1,1.5,1
1.7561,-0.4154,0.9458,0.7156,-0.8075,1.8263,0.3837,1.9478,1,0.0,1
1.4287,0.2097,-0.4222,0.7599,0.0162,-0.5233,1.4772,0.6577,0,0.0,0
1.5793,-0.5113,1.0835,1.276,-1.032,0.9182,1.7519,2.3919,1,0.0,1
-0.63,0.4813,1.8683,1.173,-1.1511,0.8692,1.1579,-0.7464,0,0.0,0
-0.2796,0.0154,0.1095,1.3167,0.3167,0.8129,-1.1011,0.8679,1,0.0,0
-0.6821,0.0901,-0.0535,-0.6381,-0.356,-1.5409,-0.7773,-1.1168,1,1.5,1
-1.1515,0.1164,-1.1509,1.1121,1.0627,1.0848,-0.4741,0.5145,0,0.0,0
0.8528,-0.6341,0.5644,0.6941,-1.711,-1.1666,-0.3834,-0.5921,0,0.0,0
1.3103,1.1011,0.2355,-1.7551,-1.046,0.9767,1.7131,0.2966,1,0.0,0
0.8599,1.1663,0.7594,1.0378,0.4542,0.7704,0.8783,0.4038,1,0.0,0
0.3874,-0.8772,0.0919,0.3192,-0.3069,0.0999,-2.1003,1.3812,1,0.0,0
0.5283,-0.3532,-1.5597,0.9854,0.1707,0.9833,-2.0127,-1.6546,1,0.0,0
1.4015,-0.4446,1.3372,-0.6771,1.2258,0.5601,0.0486,0.5099,1,0.0,1
-0.152,-0.9781,0.5521,-0.3177,0.2443,1.8162,1.0955,1.6365,1,0.0,1
-0.1851,0.266,1.0487,0.7514,1.1291,0.5339,-0.521,1.0596,0,0.0,0
1.3271,0.9541,0.4321,1.0489,-1.1584,-1.0248,4.7433,1.4863,1,0.0,1
0.6776,0.688,-1.5642,-0.083,-1.2421,0.7133,-0.2869,-0.0207,0,0.0,0
-1.4147,-1.6867,0.726,-0.7651,0.0626,-0.622,0.0912,1.4017,0,0.0,0
-1.2332,-0.5472,-0.1229,-0.2664,-1.4547,-0.4831,2.0158,-1.0546,0,0.0,0
-1.0612,0.3022,0.0073,-1.454,-1.7478,-2.2594,-0.1932,-0.2716,1,1.5,1
-0.0395,0.5764,-0.9387,0.336,1.2934,0.4911,0.837,1.4015,1,0.0,1
-0.4668,-0.0079,0.2818,0.0003,-0.4526,-2.8227,-0.096,-0.2198,1,1.5,1
-0.3255,1.9522,0.1944,-1.2658,-1.0035,-1.6599,0.0099,-0.1316,1,1.5,1
0.5787,-1.3758,0.6247,1.2723,-0.8398,0.2285,-1.0907,0.5267,1,0.0,0
-0.7031,-0.8283,0.9677,0.5885,-1.7473,0.6053,0.6083,-0.6404,1,0.0,0
-1.9924,-0.4632,-0.0973,1.257,0.6894,-0.3272,-0.3686,-0.2502,1,0.0,0
1.5691,0.9643,0.9168,0.6689,0.1101,0.2155,-0.252,-0.2036,0,0.0,0
-0.3767,-0.7501,-0.028,0.1733,2.2598,-1.8728,0.9911,0.3973,1,0.0,0
-0.4044,-1.7212,-0.4419,-1.4223,-0.1447,-0.9576,0.1012,0.4532,1,0.0,0
-0.8253,1.5343,2.1521,-0.3895,0.4004,-0.2342,1.2629,0.435,0,0.0,0
-1.4644,0.2682,-0.3471,-1.6779,-0.1363,-2.7683,-0.7485,0.3024,1,1.5,1
0.4884,-0.4202,0.6232,-0.3388,-1.5066,-0.0865,-0.3283,0.6574,0,0.0,0
1.5965,-0.8951,-0.0272,2.2834,0.4071,-0.3442,3.2075,0.7569,1,0.0,1
2.829,0.8783,-0.5928,-0.8717,-3.4517,-0.5949,-0.177,0.9678,0,0.0,0
0.6818,-0.9382,0.5963,0.6957,-1.577,-1.1193,-1.1493,-1.4869,1,0.0,0
-0.4993,-1.3797,-0.786,0.6518,-1.6177,-0.0712,0.7177,-0.3771,1,0.0,0
0.5069,-0.4446,-0.6986,-0.4468,0.5484,1.8187,-1.0836,-0.036,0,0.0,0
0.4298,-0.8019,0.2999,0.9081,-0.7638,-1.3838,0.4521,0.31,0,0.0,0
-0.2958,0.8096,3.1481,0.7772,0.7229,-0.8957,-0.643,-1.0637,1,0.0,0
-0.6015,-0.1574,2.4864,0.7671,-0.5012,-0.0848,0.3262,1.2105,1,0.0,0
-0.0733,1.2589,1.6261,0.4206,-0.7528,-0.7297,-0.1875,1.3888,1,0.0,0
0.614,0.9337,-0.2615,-1.3114,-0.5563,0.5245,-0.8146,-0.7499,1,0.0,0
-0.8258,-2.0679,0.7758,-0.1058,0.1085,-1.3998,-0.4811,-1.1744,1,1.5,1
0.0286,-0.2198,-1.619,0.8833,2.7023,0.7171,1.2637,0.5421,0,0.0,0
-0.5143,0.9584,0.3485,-0.9586,0.1401,-1.7374,-0.4126,-0.4192,1,1.5,1
-0.3831,-0.6073,0.3488,1.0177,1.8924,1.1947,1.0221,1.1432,1,0.0,0
1.3349,-0.3176,-0.8484,0.2775,-0.987,0.7257,-0.5254,0.9607,0,0.0,0
-0.7268,-0.0365,-1.4534,0.0507,0.1243,-1.1198,-0.6247,-0.8576,1,0.0,0
-0.7862,1.4445,1.7617,0.2506,-0.1034,-1.268,0.3636,0.7784,0,0.0,0
-0.2911,1.465,1.0879,0.5338,-0.3994,2.3532,0.393,0.547,1,0.0,0
1.7817,1.1172,1.0317,0.8946,-1.3638,0.8322,1.5616,0.3906,1,0.0,1
0.6097,-0.372,-0.1273,0.9694,1.4117,0.7671,1.2684,-0.4044,0,0.0,0
-0.2896,-0.1441,1.3057,0.3734,-0.1097,0.5362,0.4061,1.0878,1,0.0,0
0.0592,1.2163,-0.6644,0.2044,-1.4583,0.7857,-1.1247,-1.2588,1,0.0,0
0.6306,1.1362,-1.4634,-0.1212,-0.4404,-2.1897,-1.1272,-0.7144,1,1.5,1
-0.8636,0.2064,-0.1383,-0.2736,0.1667,0.182,-0.9578,-0.7004,1,0.0,0
-1.2044,-1.4397,-1.1115,0.8787,-1.3336,-1.1513,-0.9517,0.1955,1,0.0,0
2.9084,-2.5626,1.3904,-0.0392,-1.8679,0.7348,2.4992,2.6551,1,0.0,1
-0.2665,0.5965,-0.5001,-1.8698,0.3964,0.2914,-0.5966,-0.3911,1,0.0,0
1.3019,0.4629,-0.866,-0.0737,-1.2654,-0.0148,0.4911,0.2074,0,0.0,0
-0.8218,1.7854,0.7246,1.1838,0.0359,0.95,0.767,1.1999,1,0.0,0
-0.5925,0.7102,-0.5107,-1.7885,2.0316,-0.3496,-0.609,0.3387,1,0.0,0
0.2173,0.2112,0.214,-0.2585,0.2737,-2.2437,-0.851,-0.5791,1,1.5,1
1.7477,-1.5476,-0.474,0.1891,1.177,-0.8869,0.5989,-0.3472,0,0.0,0
1.4139,0.2181,-1.0124,-0.7067,0.4525,-0.425,-0.9355,1.5234,1,0.0,1
-0.1885,1.1891,-1.3871,1.1918,-0.6393,-1.1007,1.2601,-0.0969,0,0.0,0
0.2186,-0.7283,-0.4275,-1.015,0.4667,1.5683,-0.1384,1.002,1,0.0,0
3.7632,0.3316,1.7668,1.2746,-0.4479,0.4631,1.6418,0.16,1,0.0,0
-0.6326,-0.4392,1.2112,2.2386,1.999,0.0632,0.2189,1.5335,0,0.0,0
-0.2208,-0.4951,0.3889,-0.1643,-0.5421,-0.4007,0.6887,1.016,1,0.0,0
2.0906,-1.3103,0.9343,-1.3575,0.051,-1.2669,0.6472,2.7633,1,0.0,1
-1.4026,-0.733,0.3044,2.0887,1.0662,1.8367,0.4994,-0.0723,1,0.0,0
-0.765,0.8824,0.2894,-0.0508,0.1034,1.6865,-0.1604,1.6885,1,0.0,0
-0.8774,-0.204,-1.0368,0.1358,-1.2572,0.05,1.1391,0.2697,0,0.0,0
-0.9145,-1.1072,0.6292,-0.0622,-0.3007,-2.0852,-0.2697,-0.7035,1,1.5,1
0.6072,-0.0409,0.9449,1.1337,0.2922,0.2757,-0.1123,0.2945,1,0.0,0
-2.8414,-0.0136,-1.6131,-0.9071,-1.1671,0.6663,-1.1731,0.3111,1,0.0,0
2.2451,-0.7306,0.5244,0.0202,-1.1019,0.621,0.2492,2.7518,1,0.0,1
2.0416,1.4192,-1.2028,-0.5428,-1.6613,0.6385,1.6479,3.6351,1,0.0,1
0.648,0.0342,-0.5087,-0.7218,3.2126,-0.3939,-1.8003,-0.9309,0,0.0,0
-0.3735,-0.7938,-0.24,-0.1237,-2.31,-1.9049,-0.5753,-1.7056,1,1.5,1
-0.3871,0.8465,-1.2456,0.6522,-0.5526,-2.5105,-0.6885,-0.7437,1,1.5,1
2.6302,-0.2043,1.562,-1.2158,-0.5628,-0.6936,-0.4843,-0.8885,0,0.0,0
1.1754,-0.3993,-0.4034,1.7685,-1.9824,0.2379,1.8857,1.5235,1,0.0,1
0.6094,-0.2241,0.1942,0.0717,0.9363,-2.0196,0.3231,-1.4945,1,0.0,0
0.4964,-0.0199,-1.0315,-0.9461,-0.4672,0.2675,0.2207,0.0042,0,0.0,0
-0.5731,-2.1389,-0.283,0.7521,1.5804,-2.1908,2.6133,-1.1271,0,0.0,0
-0.8888,0.3739,-0.9113,-0.9128,-1.5673,-0.0267,0.4968,1.023,0,0.0,0
0.3109,1.1951,-2.0453,-0.0974,-0.386,-0.2683,-1.9438,0.7636,0,0.0,0
-0.8634,-2.1406,0.0027,0.1443,0.6329,-1.539,-0.4008,-0.6008,1,1.5,1
0.174,0.6244,0.1523,0.7546,0.0291,1.1094,1.7942,2.1969,1,0.0,1
-0.3928,0.0881,0.13,0.5919,-0.6355,-0.1559,0.1913,0.0643,0,0.0,0
-2.1004,-1.4455,-0.413,0.1482,-0.1858,-1.774,-0.4638,0.7984,1,0.0,0
0.0517,-0.1531,-0.1287,-0.1599,0.0224,-2.8005,-0.0726,-0.8137,1,1.5,1
1.4041,0.0544,-1.6648,1.0066,-0.1287,-0.1399,-0.1419,1.8636,1,0.0,1
-0.8882,0.6743,3.4803,0.3157,0.5259,-2.0391,-0.8754,-0.3846,1,1.5,1
-0.4127,0.6495,0.1278,0.8481,0.2143,-2.5622,0.2152,0.0853,1,1.5,1
-0.3157,-0.3097,-0.0871,0.774,0.2375,-1.2014,-0.1327,0.4744,1,0.0,0
-0.2628,2.0885,1.3861,-0.9156,1.3963,1.1538,0.7463,0.3494,1,0.0,0
-1.0879,0.2681,1.4547,-0.5864,-1.0067,0.4752,-1.5412,-2.1656,0,0.0,0
0.0087,0.3465,1.6572,-1.8537,0.044,-0.7165,1.1658,-0.4231,0,0.0,0
-0.2485,0.7172,2.7055,-1.2235,1.1763,1.6979,0.4211,0.7652,1,0.0,0
0.9607,0.4662,-1.2443,-1.1729,1.8246,0.2524,-1.4173,0.3481,0,0.0,0
-0.5516,0.3592,1.0402,-0.616,-0.848,-1.6333,0.0703,-0.7596,1,1.5,1
-0.3031,-1.1151,0.1748,-0.2248,-0.5504,-2.5105,-0.8538,-0.9874,1,1.5,1
2.6463,-0.0584,-0.7623,-0.481,-0.0633,0.3687,0.9991,1.5185,1,0.0,1
-1.4082,-0.1184,-0.812,-0.5872,0.967,-0.8039,-0.1301,-1.9086,1,0.0,0
0.5557,-0.0585,-0.5794,-0.635,1.6027,0.5067,0.0676,-0.3462,0,0.0,0
-0.6623,-0.3822,0.4361,0.0612,0.0495,-0.2862,-1.8085,-0.2254,0,0.0,0
-0.4951,0.0148,1.1844,-1.6895,0.1286,-2.2119,-1.0459,-0.5071,1,0.0,0
0.2908,0.2067,0.0734,-0.5429,-0.7752,-0.645,3.5125,1.2704,1,0.0,1
-0.7481,0.1339,1.6775,0.3301,-0.653,-0.0665,-0.9379,0.2771,0,0.0,0
-0.5545,0.6663,0.8856,-0.044,1.8323,-1.5895,-0.2826,1.6652,1,0.0,0
1.1927,0.1567,0.6431,0.2348,-1.0284,0.9712,0.1605,-1.0094,0,0.0,0
-0.3037,0.3526,-0.1208,-0.1973,-1.1141,-0.0115,-0.4436,1.1661,1,0.0,0
-0.1732,-0.2396,1.1035,0.7777,-1.0403,-0.3143,0.1924,-1.4336,1,0.0,0
-0.8106,0.6181,0.577,0.116,2.9051,-1.318,-0.0834,0.0187,1,1.5,1
0.8141,1.8905,1.2831,-1.3894,1.2315,0.1841,-0.0855,-0.6244,0,0.0,0
1.8589,0.0306,0.2301,-1.012,-1.7266,-0.6826,-0.3729,-0.5069,0,0.0,0
1.5816,-1.1486,-1.09,1.4809,0.1192,1.5847,0.3326,-0.9071,0,0.0,0
0.3331,-1.0572,-0.6368,-1.5337,-1.7371,0.2669,0.8696,1.9543,1,0.0,0
1.3017,0.3726,2.4764,-0.7562,-0.1375,0.883,-0.2451,-1.3877,1,0.0,0
-0.5576,0.0809,0.2059,0.5891,-0.4253,-1.4634,-0.3505,0.0585,1,1.5,1
1.2095,0.1524,0.5331,-0.0482,-0.3813,-0.9159,0.2563,-0.3002,1,0.0,0
0.3434,-0.0946,1.0035,0.9928,0.3228,0.0269,-0.2529,0.551,0,0.0,0
0.8738,0.2414,0.318,0.1857,0.1895,1.6236,-2.4092,-0.0986,0,0.0,0
0.2452,0.1612,0.8624,-0.2553,2.4917,-2.8387,-0.2219,-0.2438,1,1.5,1
-1.1376,0.0137,-0.4596,1.6596,-1.4613,-1.8299,-0.2558,0.0107,1,0.0,0
0.1787,0.4521,-0.0215,-0.3787,0.4662,-0.4048,0.0654,-0.6677,0,0.0,0
0.5065,1.7939,1.3446,-0.041,-0.4145,0.8826,0.5166,-0.0946,0,0.0,0
0.5396,1.0039,0.866,-1.2565,1.8887,-1.0927,0.6239,1.1924,1,0.0,1
-0.507,-0.4344,0.8504,-1.5179,0.8463,-1.9746,-0.345,-1.6398,1,1.5,1
0.4832,-0.3328,-0.8447,0.0435,0.3682,0.2224,0.9413,0.7527,1,0.0,1
0.1534,-0.9121,2.096,-1.0217,-0.919,0.2259,-1.9855,-0.8421,1,0.0,0
1.6154,-0.8347,-0.2979,0.9502,-1.144,1.2877,2.1399,1.2399,1,0.0,1
0.2664,0.6121,1.7716,0.3586,0.8812,-0.5985,0.7137,0.1533,0,0.0,0
-0.6851,0.5375,0.3694,0.8995,-1.3593,-1.8858,-0.602,-0.6566,1,1.5,1
-0.6761,1.067,-2.1032,0.0267,2.2067,-0.3821,0.0171,0.6722,1,0.0,0
-1.2958,0.1856,0.5563,-0.0287,-0.5082,-1.7352,-0.5416,-1.058,1,1.5,1
0.7157,0.7553,-0.9169,-1.9984,-1.1418,0.9262,-1.0648,-0.4595,1,0.0,0
3.0678,0.0483,-0.0668,-0.2684,-0.3512,-0.3015,-0.7482,2.0346,1,0.0,1
-0.4277,1.0648,-0.9111,1.4529,1.4166,0.0702,0.6461,0.7497,0,0.0,0
0.3785,-0.1144,1.407,-1.2136,0.1671,1.502,-0.2021,-0.4293,1,0.0,0
-0.8571,-1.8027,0.0683,-0.2447,1.3775,2.206,-0.2428,0.9652,1,0.0,0
0.5324,0.7081,-1.1138,-0.2072,0.9183,0.2698,0.122,1.554,0,0.0,0
-0.5493,0.703,0.11,1.8223,-0.3649,-2.4354,-0.3649,0.2482,0,0.0,0
-0.7463,0.3482,0.2516,-0.7972,-1.7443,-2.3884,-1.2302,-0.6701,1,1.5,1
-1.71,-0.3713,-0.6787,0.6368,2.2577,0.2169,-0.7793,-1.1706,0,0.0,0
0.6913,-0.2242,-1.5561,1.3493,0.4095,1.8292,0.6041,0.3145,1,0.0,1
-1.2053,2.1965,-0.4811,-0.7708,0.8205,-2.0503,0.1485,-0.6471,1,1.5,1
-0.699,-0.6335,1.7357,-0.297,1.3988,1.6186,-0.5223,-0.2495,0,0.0,0
-0.7512,-0.0265,0.5818,0.0451,-0.4571,-1.0867,0.1676,0.3449,1,0.0,0
-1.6714,-0.3829,0.9838,-1.2517,1.0722,0.3372,-1.044,-0.5016,1,0.0,0
0.4568,-0.3975,0.6681,1.0148,-0.3974,0.0491,-1.4204,0.3054,1,0.0,0
-0.8077,-1.3246,-2.3853,0.1783,1.124,-2.444,-0.2641,-0.6941,1,1.5,1
0.2883,-0.1541,0.9849,1.2185,-1.0923,-0.7811,1.5473,1.4189,0,0.0,0
-0.63,-1.2689,0.4221,0.194,1.5954,-1.2746,-1.5938,-0.3398,1,0.0,0
-0.5361,-0.8273,-0.3046,-1.0269,-1.2895,-0.0482,0.8829,-1.5294,0,0.0,0
-0.2204,-0.2525,-0.8336,-0.9416,-0.4228,-1.37,-0.1099,-0.8643,1,1.5,1
-0.853,1.4684,-0.6938,0.6837,-0.3158,-1.227,1.388,-2.5401,0,0.0,0
0.5936,0.626,-1.3246,-1.3694,0.9854,0.0779,0.3791,0.2966,1,0.0,0
-0.699,0.4524,-0.4959,-0.4927,0.7378,-0.1214,1.1882,-2.4567,0,0.0,0
-0.7322,0.235,0.5541,-0.5111,-0.1485,2.1239,0.2051,0.883,0,0.0,0
-0.5374,0.0105,0.9705,-1.5625,1.2783,-0.4136,1.4687,0.375,1,0.0,0
-0.0952,1.0853,-3.4703,-1.5825,0.2427,-1.9086,-0.4588,-0.3035,1,1.5,1
1.2054,-1.0162,-0.4467,-1.7452,1.3094,0.0512,0.8052,0.6434,1,0.0,1
-2.0731,-0.9167,-1.8025,0.4374,0.0614,0.9141,0.3565,-0.6348,0,0.0,0
0.7532,-0.6225,-0.1635,-0.1042,-1.4056,-1.0213,0.9322,-1.6373,0,0.0,0
-0.1814,0.1476,0.2634,0.2792,-0.5487,-2.0973,-1.2851,-0.6638,1,1.5,1
-0.3608,-0.6674,-0.2522,-1.6468,0.6403,-1.5405,-0.3269,-0.2718,1,1.5,1
-1.1425,3.2074,-0.1483,1.2315,1.013,-3.2732,-0.6444,0.2234,1,1.5,1
0.6596,-0.7293,-0.182,0.1748,0.0855,-0.8725,-0.7971,0.4744,1,0.0,0
0.228,-0.9052,-0.0454,0.2073,-0.9914,-1.4729,-0.431,-0.2965,1,1.5,1
1.5869,-0.1997,-1.5333,-0.7561,-0.9194,-1.2178,0.4354,-0.6452,1,0.0,0
0.2474,-0.0627,-3.5267,-1.407,0.0092,0.6246,-0.5844,1.1277,1,0.0,0
-0.6446,0.4326,1.6295,-0.9205,-1.5792,0.9725,1.5237,-0.335,1,0.0,0
-0.2511,-0.6263,1.178,0.1378,0.5144,-0.761,1.0181,-0.8415,1,0.0,0
0.2928,-0.6983,-1.4098,-0.6173,-0.2189,1.0337,-1.5214,1.0508,1,0.0,0
0.5676,1.0285,1.1302,-0.1918,0.1899,2.3507,-1.1036,0.2219,0,0.0,0
0.2136,0.6609,1.4476,-1.0649,-0.4573,-1.3885,1.6187,1.2969,0,0.0,0
-0.7261,-0.7154,-0.2193,0.2727,-1.432,-1.7486,-1.0661,-2.0417,1,0.0,0
-1.0769,-0.2693,-0.1783,1.1881,0.3344,-0.0056,1.529,-0.5552,0,0.0,0
2.3624,0.483,-0.7163,0.7049,-0.3343,0.8014,0.291,0.2797,0,0.0,0
-1.1333,-0.0414,-1.4084,1.354,0.483,0.9255,0.1279,-0.0303,0,0.0,0
0.168,0.2435,-0.575,-0.9583,-1.8418,-1.5641,1.8769,1.0904,1,0.0,1
2.2434,0.2003,-0.3649,0.426,0.735,-0.5414,1.2355,1.6489,1,0.0,1
1.1351,-0.0017,-0.6702,-0.6839,0.0768,-0.974,1.9409,1.3439,1,0.0,1
-1.4263,0.4146,-1.1715,0.1615,-1.0414,0.029,-0.1661,-0.4585,1,0.0,0
0.154,0.0778,-0.1138,-0.8037,2.1544,-0.1612,-0.8621,1.6784,1,0.0,0
-1.4506,0.2586,-0.0532,-0.0771,-0.4099,1.4379,-0.4236,-0.7234,1,0.0,0
0.9815,-0.262,0.5627,-0.6846,-0.5011,1.2882,-0.9717,-1.8014,0,0.0,0
0.5566,-0.533,-1.6759,0.6227,-0.7013,0.357,0.3738,1.2036,1,0.0,0
2.8226,0.2051,-0.5007,0.0038,-0.911,0.1553,3.0007,1.1601,1,0.0,1
-0.851,-0.1218,-0.1643,0.4373,1.0467,-0.4905,-0.8214,-1.6407,0,0.0,0
0.7431,0.2869,0.9921,-0.5574,0.2346,-1.5683,0.7636,0.1532,1,0.0,0
1.447,0.8139,0.4527,-1.0634,0.3785,1.3335,1.0508,-0.2282,1,0.0,1
-1.1858,-1.8786,1.2914,-0.6166,-0.5663,-1.1535,0.849,-0.463,1,0.0,0
-0.7347,-1.0291,0.485,0.755,-0.2849,-1.1687,0.7626,-2.0773,0,0.0,0
1.1489,0.7477,-0.0279,-0.2302,0.4265,0.8355,0.7627,-0.3017,0,0.0,0
1.2905,0.2498,-0.211,0.3887,-0.0277,1.4635,0.9439,-0.8368,0,0.0,0
1.2934,-0.0812,-0.2508,1.3364,0.1402,-1.7206,3.4547,2.3235,1,0.0,1
1.0329,0.9524,-0.3531,0.0271,0.3396,1.6104,0.4725,0.0834,0,0.0,0
0.9811,-0.6719,2.2796,0.0742,-0.6404,0.7979,1.8013,0.4861,0,0.0,0
-1.5803,0.5207,-1.4419,-1.2396,-0.3566,-0.765,0.2027,0.9515,1,0.0,0
-0.8416,1.0225,-0.2482,0.2692,0.0844,0.1804,-0.0013,-0.7307,0,0.0,0
-0.3412,-1.0469,0.1105,0.2598,-2.0479,0.0211,0.6519,0.1693,0,0.0,0
1.0655,-0.9221,0.1792,0.5478,-0.6051,-0.2171,2.2096,2.1654,1,0.0,1
-0.34,0.4699,0.6431,-0.8294,0.8582,1.8151,-0.4812,0.6867,0,0.0,0
-1.1976,1.3055,-0.4121,-0.3043,-2.9917,1.001,0.8184,0.799,1,0.0,0
0.4695,-0.264,0.892,0.4353,0.1051,0.301,0.2531,-0.3395,0,0.0,0
0.2286,-0.6058,-1.3021,-0.7257,0.7197,0.7584,-0.2184,0.0517,1,0.0,0
-0.0295,0.0842,0.698,-0.2465,-0.6694,-0.483,-1.8038,-0.0522,1,0.0,0
-0.129,-0.6552,-0.7598,0.3436,-0.5427,-2.1143,-1.4885,-0.1187,1,1.5,1
-0.0985,0.1777,-1.4258,-0.6799,-1.7341,-2.1861,-1.1536,-0.4548,1,1.5,1
-2.3708,0.8086,0.1556,-0.4766,2.1134,0.1389,-0.7534,0.1012,0,0.0,0
1.1581,1.2591,-0.5046,1.3286,0.3846,0.0033,0.4421,-1.4256,1,0.0,0
1.7153,1.0031,-0.1024,-0.2,0.0852,0.1753,-0.5307,-0.0326,1,0.0,0
0.9559,-0.8798,0.1921,1.2443,-0.1284,-1.13,0.1751,2.0536,1,0.0,0
0.9411,-0.3619,0.0069,-0.3848,0.3436,1.8989,0.3622,0.1944,1,0.0,0
0.1287,0.3003,1.7584,0.0043,-0.3856,1.6912,-0.5282,-0.551,0,0.0,0
-1.656,-0.9447,-0.5141,-0.8207,-1.1821,0.7401,-0.2395,0.3857,0,0.0,0
0.0754,-0.491,0.9507,-1.0386,0.2847,-0.4979,-0.8474,0.4634,0,0.0,0
1.4178,1.746,0.459,-0.9864,1.4641,-0.1677,-0.381,0.1135,1,0.0,0
1.3588,-0.3959,-0.1431,-0.6069,-0.4846,1.124,-0.2681,-1.0219,1,0.0,0
-0.022,0.3908,1.7344,-0.0775,0.6337,-2.472,-0.3969,0.2751,1,1.5,1
2.0689,-0.7289,0.3899,-0.5683,0.7685,0.4091,-0.2562,-1.7883,0,0.0,0
-0.6401,-0.057,0.9653,-0.3007,-0.2501,-0.6628,0.6656,-0.4476,1,0.0,0
-0.0748,0.636,0.3165,-1.3128,0.068,0.682,1.3622,2.2423,1,0.0,1
1.5877,1.3172,-1.621,-1.351,0.3773,-1.1915,-0.2528,-0.4513,0,0.0,0
-0.0689,-0.2912,0.092,-0.4352,-0.0838,-1.0846,-0.3737,2.2806,1,0.0,0
0.5588,-0.0105,0.1465,-0.6363,-0.3468,0.7581,1.6657,-0.2691,0,0.0,0
-0.1351,0.3782,1.4472,1.231,0.822,-2.1194,-0.4587,-0.8146,1,1.5,1
0.6166,-0.8739,0.806,-0.8456,-1.4858,2.6091,0.3258,0.715,0,0.0,0
-1.4626,0.0046,0.2897,-0.2004,0.5362,-0.3147,0.0041,-1.4407,1,0.0,0
1.4426,-2.3048,-1.0162,0.4908,-1.5109,0.7359,-1.2167,0.0932,1,0.0,0
-1.3602,0.7101,0.4518,0.5037,0.8725,-1.8026,-0.7957,-0.3189,1,1.5,1
1.292,0.9901,-1.7084,1.1548,-0.1992,1.0834,1.5514,2.3131,1,0.0,1
1.8709,0.592,0.0558,-1.6861,0.388,-1.9467,-1.409,0.8546,1,0.0,0
-0.8215,-0.6902,0.8847,0.8647,-0.3738,-1.1178,-1.5497,-0.699,1,0.0,0
1.3767,0.4302,0.6739,1.8297,0.3402,1.4002,-1.4843,0.8711,1,0.0,0
-1.6585,-0.3962,-0.3336,0.606,-0.7868,-0.3622,-0.8857,0.0381,1,0.0,0
2.1758,1.1775,1.6348,-0.9527,-0.3981,-1.0704,2.2771,0.1628,1,0.0,1
-0.267,-0.0074,0.2098,0.7137,0.3084,-1.5764,-1.0949,-0.477,1,1.5,1
-0.9542,-1.2589,1.3009,-0.2397,-0.024,-0.135,0.0234,0.0227,0,0.0,0
-0.4332,-1.9827,0.242,0.1144,-1.446,-2.0617,0.2539,-0.7069,1,1.5,1
2.4016,-0.8928,-0.0477,0.6587,0.081,-1.2028,0.4081,0.1075,1,0.0,0
-1.3717,-0.9854,0.5347,0.5773,-0.6432,0.6222,0.5719,-1.7831,0,0.0,0
-1.2346,-0.2107,0.2789,0.8829,0.416,0.3868,-0.7615,-1.2894,1,0.0,0
-0.8826,2.0736,0.0506,-0.8834,0.9843,1.6933,-1.4347,1.559,1,0.0,0
0.6596,-0.141,-0.6873,0.0246,-1.7207,-1.3384,0.8214,-0.4928,0,0.0,0
1.0602,1.5168,0.1648,-1.4856,-1.1793,-1.4378,1.5916,-0.8474,1,0.0,0
0.6483,-0.763,0.0903,-2.3781,0.6714,-0.6624,0.8714,-1.8428,0,0.0,0
1.4641,-1.1122,-0.9131,-0.0975,-0.4263,1.9562,-2.3662,0.3614,0,0.0,0
-0.6873,0.4942,-1.4723,1.4316,0.2719,-0.2479,-0.7094,-0.7872,1,0.0,0
-0.7851,0.9331,-0.9841,-1.7792,-1.0121,-1.6654,-1.3723,1.1321,1,0.0,0
-0.2744,0.6513,-0.7561,-0.4423,-1.3175,-2.161,-0.6012,-0.0954,1,1.5,1
-0.4406,0.8139,-0.2715,0.2949,-0.3924,-1.4851,0.9061,-1.0581,0,0.0,0
-0.6018,-0.8428,-1.8701,1.2088,0.1827,-0.7235,1.2309,4.0258,1,0.0,1
0.7771,-0.9908,0.3198,1.9838,1.5602,-0.0563,0.8976,-0.6739,0,0.0,0
1.7332,-0.603,1.904,-0.0081,0.0279,-0.5869,1.7794,0.9778,1,0.0,1
-0.219,-0.1835,1.4263,0.5119,1.1568,-3.0843,0.3602,1.0934,0,0.0,0
0.5047,0.3561,0.0592,-0.1273,-0.3078,0.7591,-1.0842,1.3407,0,0.0,0
0.3081,-0.2318,1.1863,-0.3876,-0.2798,-0.4612,-1.9617,0.8643,0,0.0,0
-1.0075,-2.1548,-0.5209,-0.9541,-0.6526,-0.2746,-1.2436,-1.1105,0,0.0,0
-0.1377,0.6158,-0.1465,-0.7003,0.1534,-0.9619,-0.0469,-0.6416,1,0.0,0
1.0309,-0.456,1.2046,-0.3241,1.5127,0.4834,-0.4513,0.7959,0,0.0,0
0.445,1.285,-1.1771,1.1203,0.1723,-0.8858,0.3715,1.1715,1,0.0,1
0.617,0.8111,-1.0666,0.3488,0.7061,0.2165,1.5711,1.2142,0,0.0,0
1.2395,-0.3309,0.4073,1.3311,-0.8735,-0.382,-1.156,1.1285,1,0.0,0
0.1999,1.4113,-0.4557,1.0081,-0.7419,1.1221,-0.763,-0.3622,1,0.0,0
2.2136,-1.4861,-0.3272,0.4477,0.8737,1.3605,-0.4221,1.4044,1,0.0,1
-0.2216,0.3572,-0.8972,0.8093,-1.1199,-0.2739,0.9962,-1.1143,0,0.0,0
-1.9449,0.2333,-0.4252,-1.4105,0.0479,-2.1671,0.4754,-0.7315,1,1.5,1
0.2987,-0.2741,-0.8906,-0.4547,-0.9916,0.0601,1.3402,-0.4922,1,0.0,0
-0.248,0.0715,0.5319,0.4297,-0.2913,0.0754,0.3981,-1.6141,1,0.0,0
0.6614,-0.7734,1.5672,-1.5525,-1.3218,-0.1563,-0.7833,1.3853,0,0.0,0
0.3315,-1.1098,-0.9685,-0.4477,-1.2273,1.5727,-1.3287,-0.7548,1,0.0,0
-0.7824,-2.1036,-0.6717,-2.026,0.068,0.0045,-1.6756,0.6882,1,0.0,0
2.1713,-0.4547,-2.4587,1.0045,0.8773,0.4922,-0.2143,0.0244,1,0.0,1
0.9495,0.9664,-0.1407,0.5419,0.7814,0.8312,0.9214,-0.4556,0,0.0,0
-1.0566,0.6514,-1.3716,0.2991,-0.3197,-0.0598,0.5688,1.7562,1,0.0,0
-0.4271,0.7437,-0.399,-0.1974,-1.2183,1.6446,0.507,1.7889,1,0.0,0
2.013,1.3029,-1.4844,-0.7474,0.2005,0.8412,2.0415,2.6591,1,0.0,1
1.8171,-0.3306,-0.0582,0.9242,1.2553,-1.1119,-0.3462,-1.3949,0,0.0,0
-0.058,1.0307,-0.656,-0.7493,0.8282,1.5623,-1.1521,-2.5976,0,0.0,0
-0.1415,-0.142,-1.1725,1.5701,-0.1351,-1.3837,1.1015,-0.7483,1,0.0,0
-1.3614,0.5449,-0.3411,-1.1315,-0.5269,1.5641,-0.3307,-0.5844,0,0.0,0
0.0869,-0.9215,-0.2888,0.7776,-1.3126,0.6496,0.3486,0.2776,0,0.0,0
-0.0751,1.0306,-0.6475,-1.4095,-1.1104,-0.6067,-1.0248,1.2005,1,0.0,0
0.9091,-0.2573,0.5211,1.3251,-1.3987,-2.4306,-0.7148,-1.0148,1,1.5,1
0.5015,-0.5541,-0.0982,-0.0308,-0.1931,-0.0241,0.1209,-1.273,1,0.0,1
1.4726,0.7326,0.1648,0.6966,0.8229,-1.4153,-0.1484,-1.2323,1,0.0,0
-0.9734,0.5833,-0.2461,0.832,-0.0437,1.7409,-1.9829,-0.2966,1,0.0,0
-1.1139,-0.3989,-0.9805,-1.5468,-0.3207,-1.1305,0.2866,-0.5456,1,1.5,1
-0.5469,-0.4148,-1.1241,0.4346,0.2292,0.3654,-0.5059,1.291,0,0.0,0
2.0064,-1.0028,-1.0565,-0.2941,0.7565,-0.3778,1.1202,2.3723,1,0.0,1
0.1279,-1.2246,-1.467,0.4979,-0.1116,-1.6754,-0.9071,-0.0386,1,0.0,0
0.3703,0.0965,-0.8016,-0.3886,1.5665,-0.9593,-0.918,-0.2283,0,0.0,0
0.2536,0.154,1.7871,-0.9272,-0.1111,0.4602,0.744,-0.4373,0,0.0,0
-0.656,0.4983,-0.2195,-1.0199,0.0407,1.8824,-0.6749,1.1661,1,0.0,0
-1.6014,1.4707,-2.4054,-1.1068,-0.2696,-0.2271,0.1661,0.2714,0,0.0,0
-0.6878,0.1405,-0.7836,-0.1315,-1.196,-2.2054,-1.1969,-0.1924,1,1.5,1
0.297,-0.801,1.6805,-1.1171,-0.5019,0.1872,-1.3028,0.5197,1,0.0,0
-1.1348,2.028,-0.4514,-1.233,0.2377,0.4257,-0.7051,0.7905,0,0.0,0
1.447,-0.7278,0.5242,-1.4064,-0.0366,-0.0287,-0.37,1.7749,1,0.0,1
1.0255,0.2713,-2.238,0.5959,0.0051,-0.955,1.3342,-1.7895,1,0.0,0
-0.9693,1.9014,-1.1069,0.1819,2.6328,-1.8709,-0.906,-0.1742,1,1.5,1
0.6856,0.2302,2.401,-1.04,0.903,-0.5704,0.0496,0.0896,1,0.0,0
1.0333,-1.4952,-0.8393,-0.1594,0.7929,0.4364,-0.4436,-1.0313,0,0.0,0
-0.9579,-0.0947,0.9546,-0.7376,0.2271,-2.582,-0.3246,-0.1973,1,1.5,1
0.7905,0.4585,-0.5327,-0.9765,-0.1043,-1.3362,-1.2331,0.9218,0,0.0,0
0.3921,-0.3771,1.0292,0.2104,-1.2134,-0.9308,0.8055,0.4638,0,0.0,0
0.45,-0.3243,-1.4115,-1.001,0.7658,0.447,1.5902,0.0561,0,0.0,0
0.067,0.0299,-0.5655,-0.4259,1.1133,0.2138,0.8851,1.2018,1,0.0,0
1.1812,-0.3752,-0.7678,0.1027,-0.2143,-0.9875,-1.5973,-0.9421,1,0.0,0
0.6465,1.2862,-1.693,-0.3931,-0.4146,0.1718,-0.4522,-0.5132,1,0.0,0
-1.6878,-0.2209,0.9494,-0.3354,-0.463,0.5955,-1.2657,0.0112,0,0.0,0
0.3483,0.7708,0.8034,-1.2872,1.0373,-0.5342,0.3884,0.4167,0,0.0,0
-0.8055,1.749,0.5979,0.5522,-0.7367,-1.1834,1.1998,1.4238,1,0.0,1
0.7215,-0.5933,1.162,-0.2984,-0.3092,0.1238,-0.7526,-0.4416,0,0.0,0
1.8292,1.3723,-0.5393,-0.0892,-1.2815,0.2495,0.151,2.7035,1,0.0,0
-0.0524,0.4762,1.3873,0.3803,0.7438,-2.2485,-0.9376,-0.4915,1,1.5,1
-1.0377,1.9946,-0.6108,1.138,1.8502,-1.0015,0.232,-0.4059,1,0.0,0
-0.9503,0.102,0.4161,-0.7885,-0.4143,-0.531,0.7306,-0.7168,1,0.0,0
1.2081,-0.8993,0.7605,0.2525,1.1044,1.3904,-0.3433,-1.4496,1,0.0,0
-0.3599,-0.676,-0.3374,0.2846,0.64,1.1822,1.2125,1.1854,1,0.0,0
-0.0896,-0.5366,-0.5586,0.0741,1.0394,-0.326,0.1119,-1.4649,1,0.0,0
1.6677,1.8717,-1.206,1.0367,0.4408,0.4183,0.9344,-0.7192,0,0.0,0
-0.0918,0.176,1.0242,0.1724,-0.1646,-1.758,-0.1274,-0.3839,1,1.5,1
0.2841,1.2177,-1.0273,-1.3922,1.4266,1.4749,0.5107,0.2261,1,0.0,0
-1.6679,0.1425,-0.0185,-0.7877,0.9071,0.3246,-0.5443,-0.5337,1,0.0,0
-0.3256,-0.7077,-0.0339,-0.3463,0.7905,-2.0221,-1.1597,-0.6596,1,1.5,1
0.515,-1.6821,1.2987,-1.243,0.8835,0.0598,1.1553,0.0828,0,0.0,0
0.1626,0.3658,-0.9816,1.4313,-0.767,0.8018,0.1073,-0.9591,1,0.0,0
-1.0342,-0.1184,-0.686,1.4541,0.3159,0.4894,-0.3997,-2.0113,0,0.0,0
0.536,-1.07,-0.6408,-2.2603,1.2204,-1.8984,0.6813,-0.8307,1,0.0,0
1.134,-1.143,-1.0295,0.2964,-1.6821,-0.9521,0.8098,1.5297,1,0.0,1
-0.274,0.0949,-0.2837,-1.3911,-0.5386,0.6585,1.4174,-0.6229,1,0.0,0
0.6626,0.0577,0.567,0.483,-1.0937,-2.175,1.4099,0.7734,1,0.0,1
0.6222,-0.5335,0.8063,1.2182,0.3803,1.3038,-0.6324,0.8945,1,0.0,0
-2.3797,1.539,-0.0875,-0.6473,-0.7479,-1.0922,1.3522,-0.0839,0,0.0,0
0.4445,1.3369,-0.6338,-0.837,1.2761,-2.0823,-0.4359,-0.641,1,1.5,1
-0.279,-1.3208,0.1175,1.6325,-0.7521,0.2259,-0.8973,-1.1495,1,0.0,0
-1.7589,0.4171,0.9564,0.0989,-0.1856,-1.4661,-0.5074,-0.0174,1,1.5,1
1.1213,0.3445,0.5018,1.1871,-0.2436,-0.2174,0.6686,0.3772,0,0.0,0
-0.8874,0.6312,-0.5789,-1.1692,-0.8022,1.4483,0.2202,1.1592,1,0.0,0
-0.4708,0.6172,-0.1117,-0.0312,1.4145,0.2791,0.122,-0.0484,0,0.0,0
0.6936,0.3222,-0.1293,-0.455,-0.5053,-0.268,-1.2348,0.5217,0,0.0,0
-0.0585,-1.1141,-0.6571,-0.6453,-0.0083,0.2242,0.136,-0.6094,0,0.0,0
